CSP,Leg 1,Leg 2,Leg 3,Leg 4,Leg 5
AWS,21.714000000000002,41.579,718.961,89.985,80.911
AWS,24.127,53.725,700.296,85.638,82.58500000000001
AWS,17.305999999999997,124.99300000000001,692.682,79.013,508.308
AWS,18.311999999999998,43.038,678.32,80.251,79.217
AWS,20.612,40.741,702.031,144.204,134.868
AWS,27.204,43.129,690.608,87.30300000000001,104.411
AWS,20.962999999999997,48.025,701.585,80.227,101.188
AWS,20.647,46.080000000000005,704.832,74.098,85.397
AWS,19.654,42.772,679.7149999999999,101.107,91.53
AWS,20.755,58.590999999999994,705.638,76.271,83.471
AWS,25.796,43.741,682.219,83.575,82.828
AWS,20.428,50.105,675.721,152.67600000000002,86.18299999999999
AWS,19.557000000000002,49.425,664.235,79.592,83.231
AWS,29.563,44.323,710.932,82.119,132.882
AWS,17.631,83.053,700.305,526.864,82.802
AWS,20.264999999999997,44.307,714.985,83.27900000000001,85.462
AWS,18.134999999999998,49.542,706.7639999999999,77.531,98.283
AWS,19.833,49.824,693.1310000000001,97.104,146.34900000000002
AWS,22.467000000000002,42.082,684.751,94.935,85.008
AWS,19.717,42.775,692.0039999999999,116.775,154.815
AWS,19.947,46.763,691.394,81.30999999999999,93.57300000000001
AWS,22.223,51.448,696.978,177.567,86.9
AWS,28.512,88.313,678.3979999999999,82.485,80.56
AWS,21.756,43.369,690.105,89.845,82.791
AWS,18.367,49.031,693.168,90.073,70.265
AWS,26.526999999999997,77.046,680.278,116.533,143.352
AWS,20.921,94.861,688.3470000000001,81.79599999999999,124.722
AWS,30.654,42.879,682.177,80.83500000000001,74.47
AWS,21.410999999999998,62.267,712.3009999999999,136.16,97.93599999999999
AWS,18.751,54.155,695.079,143.519,126.29899999999999
AWS,26.394000000000002,43.76,795.389,84.292,80.946
AWS,25.881,536.241,697.966,112.0,74.96
AWS,19.7,87.741,706.333,84.395,75.389
AWS,19.720000000000002,41.425999999999995,711.7320000000001,117.68599999999999,85.038
AWS,21.89,60.104,681.8499999999999,85.236,85.927
AWS,21.837,50.488,712.5219999999999,84.751,81.851
AWS,18.39,49.831,702.415,83.60900000000001,79.415
AWS,28.358,48.139,708.0070000000001,83.065,88.588
AWS,22.932000000000002,40.061,713.372,74.6,176.077
AWS,25.492,43.359,702.1460000000001,100.009,83.07199999999999
AWS,25.222,50.342,702.746,85.929,92.58800000000001
AWS,23.178,151.72299999999998,682.736,558.7769999999999,73.458
AWS,22.988000000000003,49.785000000000004,794.726,86.055,76.528
AWS,20.875,47.881,681.23,92.675,90.694
AWS,33.938,47.07299999999999,681.879,91.694,94.33999999999999
AWS,35.698,50.444,694.425,83.979,85.809
AWS,21.080000000000002,46.692,689.384,104.754,103.434
AWS,19.393,49.001999999999995,685.56,78.7,81.947
AWS,19.656,53.481,713.414,164.21,81.856
AWS,21.099,192.436,664.99,96.484,88.601
AWS,18.136,44.132999999999996,688.972,83.53099999999999,87.18900000000001
AWS,31.121,40.300000000000004,693.6179999999999,112.035,94.983
AWS,22.332,53.226,680.273,117.851,92.038
AWS,22.005,47.628,696.1500000000001,140.45,84.127
AWS,29.411,70.223,789.341,68.741,74.488
AWS,24.983999999999998,40.504,684.014,77.30099999999999,92.057
AWS,29.491,104.78,689.1899999999999,85.748,556.2289999999999
AWS,19.057000000000002,47.504,709.2270000000001,84.809,188.138
AWS,19.924,43.269000000000005,710.797,93.74499999999999,82.3
AWS,19.749,40.602,693.384,78.958,88.727
AWS,22.033,43.525,698.048,136.502,81.055
AWS,18.584,47.218,710.5350000000001,76.31,69.20700000000001
AWS,22.214000000000002,61.203,712.5160000000001,94.286,104.14099999999999
AWS,19.684,65.031,690.331,139.298,94.367
AWS,19.341,45.064,695.9499999999999,76.53500000000001,86.283
AWS,24.91,84.023,691.319,95.933,84.825
AWS,31.808000000000003,44.187999999999995,795.0070000000001,80.11699999999999,90.23599999999999
AWS,23.357,46.112,701.77,76.797,88.256
AWS,20.809,41.75,707.9720000000001,80.57400000000001,138.39499999999998
AWS,20.111,50.396,694.197,82.361,83.94699999999999
AWS,19.148,48.135,710.307,84.824,87.357
AWS,24.388,44.32,712.8109999999999,90.117,86.992
AWS,18.822,44.977999999999994,783.981,120.512,87.306
AWS,20.721,43.232,688.318,124.529,87.645
AWS,24.980999999999998,57.221000000000004,729.178,548.111,77.096
AWS,21.488,47.476,802.258,86.872,155.792
AWS,35.089,50.429,712.222,140.423,83.86399999999999
AWS,25.395,142.998,692.297,70.512,86.596
AWS,26.393,51.752,688.334,82.44200000000001,87.65100000000001
AWS,20.779,46.07,679.841,95.958,86.275
AWS,17.853,51.13,678.13,70.842,73.77
AWS,20.728,56.025,710.7909999999999,91.37,79.08900000000001
AWS,23.399,43.74,712.6360000000001,82.053,136.956
AWS,21.866,48.043,688.874,91.229,225.826
AWS,29.805000000000003,41.62,711.853,91.269,140.27200000000002
AWS,18.802,49.440999999999995,699.647,84.59800000000001,94.254
AWS,20.167,44.69,711.204,84.07000000000001,125.57199999999999
AWS,65.588,54.78,710.911,98.733,100.652
AWS,32.260999999999996,47.827,713.453,136.358,528.2
AWS,21.703,40.315999999999995,712.851,88.253,82.258
AWS,28.269,48.755,676.2510000000001,83.97699999999999,82.44200000000001
AWS,28.701999999999998,49.235,707.335,135.13400000000001,128.328
AWS,20.639,41.895,699.791,87.92,99.434
AWS,21.981,49.158,721.3230000000001,148.46200000000002,98.433
AWS,19.485,44.026,706.746,85.408,165.3
AWS,19.549,92.704,719.1039999999999,512.0400000000001,100.619
AWS,20.062,47.51,760.063,69.846,76.45100000000001
AWS,18.599999999999998,42.217999999999996,788.474,98.265,168.927
AWS,17.252,40.013,704.218,72.60600000000001,81.67
AWS,28.61,65.29899999999999,689.068,126.1,88.468
AWS,22.669,45.996,704.553,80.428,94.72800000000001
AWS,22.459,42.806999999999995,688.75,86.45400000000001,120.522
AWS,19.639,44.796,678.596,81.947,83.168
AWS,22.415999999999997,41.452999999999996,770.058,90.84,94.291
AWS,22.575000000000003,50.215999999999994,682.624,86.488,86.892
AWS,23.017,52.267,792.952,72.83399999999999,81.433
AWS,35.285,51.254,715.827,164.646,147.959
AWS,19.851,42.681,702.025,216.78900000000002,87.086
AWS,24.447,60.455,710.721,109.07799999999999,100.036
AWS,20.712999999999997,46.478,704.333,92.02499999999999,80.415
AWS,24.244999999999997,42.145,705.379,127.47800000000001,85.935
AWS,26.793999999999997,59.077999999999996,689.0849999999999,83.423,89.735
AWS,22.133,43.094,682.3820000000001,89.51,100.155
AWS,23.959999999999997,43.957,692.553,164.50699999999998,104.502
AWS,19.043999999999997,44.161,680.023,137.52900000000002,141.96800000000002
AWS,21.365,45.836,699.1990000000001,83.03099999999999,95.826
AWS,20.712,50.491,681.7220000000001,141.506,86.09
AWS,23.265,59.698,716.072,82.79599999999999,84.971
AWS,20.795,51.145,691.878,87.743,90.81
AWS,20.942,117.576,719.58,116.915,90.813
AWS,20.476000000000003,43.168,703.8259999999999,88.332,126.79799999999999
AWS,20.761000000000003,52.33,688.78,85.892,86.065
AWS,29.406000000000002,43.17,711.483,85.444,70.925
AWS,21.127,45.407999999999994,693.408,86.06,75.16799999999999
AWS,25.548000000000002,43.674,716.5169999999999,184.481,73.652
AWS,20.417,102.598,693.217,165.77,169.186
AWS,20.868000000000002,47.403,693.1310000000001,81.739,81.94200000000001
AWS,20.66,94.601,702.557,82.592,533.454
AWS,24.04,42.73,685.392,96.343,88.962
AWS,21.115,43.702,702.8480000000001,98.376,79.96300000000001
AWS,28.942,47.265,711.052,70.392,90.27300000000001
AWS,24.031,48.099999999999994,715.624,86.8,81.356
AWS,24.399,47.895,712.9720000000001,97.523,92.315
AWS,21.864,57.855999999999995,682.8349999999999,81.74199999999999,101.522
AWS,20.563000000000002,67.43100000000001,704.097,89.144,86.527
AWS,28.028000000000002,47.069,696.898,81.241,79.842
AWS,19.23,42.811,689.704,187.349,82.218
AWS,20.837999999999997,48.32,680.114,98.577,77.375
AWS,27.154,52.417,707.717,81.883,164.223
AWS,20.764000000000003,67.119,707.527,85.795,82.663
AWS,21.680999999999997,42.441,690.677,99.709,81.379
AWS,21.807,54.931,722.151,79.609,91.649
AWS,37.906,46.504,686.695,91.166,86.165
AWS,34.202999999999996,59.333999999999996,697.431,86.828,88.756
AWS,27.032,44.281,679.757,90.969,79.499
AWS,25.313,70.221,699.519,139.267,527.027
AWS,16.559,44.702,798.4630000000001,164.397,87.498
AWS,23.546,57.985,798.23,82.307,92.17999999999999
AWS,19.546,49.013,704.218,82.967,87.024
AWS,19.465,44.035,700.324,83.95400000000001,87.654
AWS,33.504,44.3,680.31,82.209,84.27600000000001
AWS,22.738,47.967999999999996,715.622,110.219,81.50399999999999
AWS,27.076,56.849,684.581,150.818,94.72
AWS,21.410999999999998,44.862,716.604,115.653,73.64999999999999
AWS,31.901,63.795,711.295,78.841,83.444
AWS,20.226000000000003,44.044,709.442,86.75399999999999,84.857
AWS,22.544999999999998,44.309000000000005,704.727,98.091,159.72400000000002
AWS,25.311,79.94900000000001,700.664,564.176,90.503
AWS,21.642000000000003,57.209,709.631,78.545,72.962
AWS,42.998000000000005,49.157,784.705,81.743,185.645
AWS,22.837,46.502,713.553,81.902,162.173
AWS,30.165,44.748000000000005,666.219,77.877,81.22699999999999
AWS,20.004,43.738,695.778,104.474,95.83500000000001
AWS,22.799,47.724000000000004,682.083,97.055,123.67699999999999
AWS,18.297,66.831,696.638,88.583,78.51700000000001
AWS,27.131,48.023,681.1610000000001,85.368,89.161
AWS,19.526999999999997,43.574,775.714,94.894,87.316
AWS,22.248,51.546,714.8919999999999,105.199,87.4
AWS,31.236,50.571999999999996,677.334,86.838,82.454
AWS,19.419,65.69200000000001,698.751,82.71000000000001,126.56
AWS,23.591,53.940000000000005,687.1859999999999,71.24600000000001,235.837
AWS,25.583000000000002,63.804,690.216,95.531,73.387
AWS,21.788999999999998,43.03,711.859,117.535,114.187
AWS,20.763,51.583,678.156,99.035,92.989
AWS,23.348,47.893,706.431,78.283,88.355
AWS,24.118000000000002,48.578,660.168,83.73400000000001,85.331
AWS,19.761999999999997,48.357,695.8950000000001,83.937,80.97999999999999
AWS,19.169999999999998,40.959,689.575,83.277,78.958
AWS,28.951999999999998,75.547,782.328,78.637,107.299
AWS,21.013,57.226,688.801,91.579,83.168
AWS,25.428,44.515,705.807,82.557,128.362
AWS,20.052,53.476000000000006,697.821,70.113,185.21599999999998
AWS,33.754,48.016999999999996,694.4590000000001,92.394,96.479
AWS,25.139000000000003,48.215,696.056,141.97899999999998,534.091
AWS,22.066,97.464,705.364,97.66,520.098
AWS,19.705000000000002,57.842,699.7959999999999,124.208,116.08300000000001
AWS,22.020000000000003,55.669999999999995,714.424,92.688,537.824
AWS,20.236,49.098000000000006,702.5799999999999,85.01100000000001,86.15100000000001
AWS,19.980999999999998,43.867000000000004,706.303,595.579,74.31500000000001
AWS,40.75,53.432,714.735,79.53699999999999,90.62299999999999
AWS,22.148999999999997,41.388,668.208,85.15599999999999,83.118
AWS,20.796,44.25,775.868,85.521,89.732
AWS,22.552,48.057,677.015,77.987,80.38199999999999
AWS,32.765,47.54,793.359,88.18900000000001,101.047
AWS,21.472,44.437,716.293,86.65100000000001,82.259
AWS,26.828999999999997,48.458,768.0630000000001,76.95,72.362
AWS,20.341,115.59700000000001,688.444,587.744,88.041
AWS,17.323999999999998,52.523,715.265,96.625,120.421
AWS,21.461000000000002,44.061,716.336,87.191,93.03500000000001
AWS,21.402,44.113,686.716,82.933,70.463
AWS,20.554,39.709,727.837,81.031,74.65299999999999
AWS,20.218,49.87,780.8199999999999,67.006,86.68599999999999
AWS,22.313,49.983,721.699,89.066,108.38499999999999
AWS,33.263,41.602,682.661,84.30600000000001,86.12899999999999
AWS,21.153000000000002,43.185,704.568,83.111,87.787
AWS,26.193,42.165,714.8670000000001,538.415,82.774
AWS,19.794,46.471,712.2230000000001,90.779,90.567
AWS,22.313,50.644,677.092,86.99900000000001,88.96600000000001
AWS,30.793,47.631,710.5519999999999,91.491,91.21300000000001
AWS,20.549000000000003,45.883,726.626,523.8969999999999,93.928
AWS,26.263,98.866,747.177,76.114,125.779
AWS,18.827,43.827999999999996,662.353,81.57300000000001,90.306
AWS,25.381999999999998,50.09,679.275,75.20100000000001,154.953
AWS,22.941,85.464,686.0260000000001,79.641,87.616
AWS,21.624000000000002,44.447,703.197,154.73700000000002,103.23400000000001
AWS,18.127000000000002,40.951,708.8870000000001,89.093,149.051
AWS,25.592,114.557,688.095,87.14,73.252
AWS,22.104,43.863,716.114,80.09700000000001,77.23299999999999
AWS,22.198,527.325,663.003,82.319,84.702
AWS,19.583,54.345,680.243,83.376,82.901
AWS,19.967,56.111000000000004,692.269,88.34400000000001,81.31099999999999
AWS,23.331,44.496,714.2460000000001,83.93,72.32
AWS,18.441,60.828,712.299,100.86,86.525
AWS,26.833,42.696999999999996,685.331,79.601,103.72099999999999
AWS,20.302,42.506,690.323,76.67699999999999,80.046
AWS,32.861000000000004,189.79299999999998,694.3000000000001,68.90400000000001,525.316
AWS,19.734,49.764,677.3979999999999,97.768,93.82799999999999
AWS,20.89,45.156,697.063,83.728,91.86
AWS,24.580000000000002,104.384,703.569,108.511,89.352
AWS,29.36,44.5,694.704,83.479,85.297
AWS,24.595,43.558,687.5400000000001,86.017,91.20100000000001
AWS,27.18,45.019999999999996,679.3019999999999,90.891,210.41899999999998
AWS,20.284,87.669,706.1619999999999,119.514,515.2489999999999
AWS,19.718,59.61000000000001,706.211,89.239,99.87899999999999
AWS,19.644,46.959,710.89,72.198,75.685
AWS,21.455,48.439,704.062,90.85799999999999,126.689
AWS,24.18,44.248999999999995,686.8570000000001,106.87,81.235
AWS,32.664,40.618,682.3939999999999,88.81899999999999,88.02300000000001
AWS,21.22,46.294000000000004,782.124,80.656,80.26700000000001
AWS,20.635,50.556999999999995,698.6830000000001,78.959,78.26700000000001
AWS,18.229,58.964000000000006,711.905,94.432,75.679
AWS,20.883,73.828,692.7560000000001,84.255,85.963
AWS,19.912,42.058,682.745,80.065,85.15599999999999
AWS,19.033,43.172000000000004,702.703,100.31700000000001,83.648
AWS,21.547,103.699,677.0730000000001,133.887,93.769
AWS,28.330000000000002,47.448,705.589,80.201,97.535
AWS,20.875,43.11,695.6940000000001,84.443,83.033
AWS,26.012,42.132000000000005,695.476,84.607,209.457
AWS,21.198999999999998,47.231,688.176,141.766,92.849
AWS,19.599999999999998,42.574,705.7520000000001,97.56700000000001,89.741
AWS,20.917,51.213,691.11,79.384,104.936
AWS,22.958,46.061,776.463,82.576,72.13300000000001
AWS,17.647,48.069,710.736,152.522,127.504
AWS,23.608,43.933,679.8340000000001,83.183,87.335
AWS,31.537999999999997,85.866,689.2570000000001,571.044,83.715
AWS,21.224,44.191,687.153,90.06,114.208
AWS,21.246000000000002,56.932,798.759,81.003,84.878
AWS,21.905,43.63,689.0169999999999,83.251,78.91
AWS,19.201,48.793000000000006,688.593,92.42599999999999,82.359
AWS,17.102,41.725,793.052,103.093,150.13000000000002
AWS,20.241,50.906,708.4430000000001,79.232,82.71000000000001
AWS,19.232,42.247,695.7489999999999,99.838,84.54100000000001
AWS,29.572000000000003,50.016999999999996,783.843,80.563,83.90899999999999
AWS,21.872,52.057,707.878,82.62700000000001,111.231
AWS,21.4,59.974,709.4209999999999,88.449,83.172
AWS,21.663999999999998,53.809000000000005,731.794,97.91999999999999,517.208
AWS,20.436,57.931999999999995,678.187,98.58,91.59299999999999
AWS,17.217,507.68500000000006,711.835,81.27199999999999,69.993
AWS,15.777,97.46499999999999,679.813,198.89000000000001,110.182
AWS,20.467,53.441,693.0500000000001,85.448,99.631
AWS,20.330000000000002,48.108,710.3549999999999,217.50300000000001,86.559
AWS,24.447,43.43000000000001,696.259,71.524,103.783
AWS,20.069,39.424,719.372,73.967,96.853
AWS,17.927,45.105,707.569,69.52600000000001,88.12100000000001
AWS,20.622,43.919,694.279,132.968,90.835
AWS,20.596,46.489000000000004,684.531,76.57600000000001,146.87900000000002
AWS,20.2,43.745,717.719,94.74000000000001,127.75500000000001
AWS,25.821,44.202999999999996,686.399,83.809,81.72
AWS,19.168,43.426,704.1690000000001,88.265,91.491
AWS,35.969,47.449,686.577,73.782,88.32900000000001
AWS,23.953,55.661,718.7750000000001,78.833,77.404
AWS,27.691,48.002,682.2009999999999,106.167,124.59
AWS,20.323999999999998,48.168,767.364,70.185,93.642
AWS,20.977,43.793,691.689,139.991,621.7700000000001
AWS,25.654,52.184000000000005,710.305,76.872,89.955
AWS,33.728,49.035000000000004,697.374,83.354,85.167
AWS,20.712,44.17,685.923,102.02,89.958
AWS,21.95,46.601,699.438,73.637,100.895
AWS,18.388,54.986,689.899,99.872,136.595
AWS,20.97,48.568,681.006,83.325,86.98500000000001
AWS,22.616,85.33,691.615,106.159,538.455
AWS,17.712,44.464,709.628,89.166,102.845
AWS,19.95,500.90500000000003,697.526,81.599,77.819
AWS,26.148999999999997,43.558,706.271,79.814,76.445
AWS,22.589000000000002,60.071,715.462,110.149,87.30499999999999
AWS,27.774,48.629,683.288,74.05399999999999,83.846
AWS,19.914,47.149,686.0690000000001,85.565,71.882
AWS,23.269000000000002,856.672,705.583,81.285,104.738
AWS,25.773999999999997,52.977999999999994,695.526,144.837,83.687
AWS,34.467,704.63,710.244,73.96,88.97800000000001
AWS,24.388,88.577,797.2669999999999,153.847,171.83200000000002
AWS,27.934,50.903999999999996,705.361,78.92699999999999,92.512
AWS,23.192999999999998,41.891999999999996,718.431,83.721,546.136
AWS,25.085,44.927,688.031,81.848,99.245
AWS,20.322,61.06,693.6099999999999,92.976,72.784
AWS,20.087,48.550999999999995,693.776,103.15199999999999,81.91199999999999
AWS,21.858,40.408,683.099,83.788,83.56099999999999
AWS,25.942,43.317,669.295,82.106,94.658
AWS,37.756,44.352000000000004,683.899,99.354,85.387
AWS,24.323,43.079,680.754,97.213,80.37700000000001
AWS,20.639999999999997,44.67,714.934,179.875,104.724
AWS,20.564,48.95,813.314,96.06,122.372
AWS,20.223000000000003,42.946,688.359,89.95400000000001,77.28599999999999
AWS,21.142999999999997,44.263,708.519,93.983,73.878
AWS,22.528,43.221000000000004,733.235,72.833,111.535
AWS,22.705,54.955,659.169,98.553,84.53399999999999
AWS,31.286,67.017,710.803,100.09899999999999,86.18900000000001
AWS,29.541,40.961999999999996,687.97,78.878,85.273
AWS,20.488,47.856,693.2270000000001,93.944,85.31400000000001
AWS,23.266,47.025999999999996,682.433,80.773,72.881
AWS,21.731,72.019,686.9159999999999,116.861,71.04
AWS,20.162,42.342,691.43,84.851,108.337
AWS,23.282,43.42,693.5649999999999,77.479,84.12
AWS,34.571999999999996,45.117,710.0079999999999,94.761,104.063
AWS,18.796,56.233,790.8570000000001,89.489,115.216
AWS,20.741,50.217,671.213,117.958,90.017
AWS,34.165,45.277,699.7339999999999,81.188,116.411
AWS,22.699,44.687999999999995,694.4449999999999,294.901,121.334
AWS,18.108,45.400999999999996,714.129,85.21,82.077
AWS,22.108,45.11,688.942,79.5,84.52900000000001
AWS,18.835,44.376,701.986,121.05000000000001,87.06899999999999
AWS,20.116,42.569,694.039,86.84,126.692
AWS,19.855,56.383,693.3190000000001,112.414,101.87100000000001
AWS,17.737,58.21,677.259,85.268,89.41
AWS,22.321,43.022999999999996,693.353,85.048,88.822
AWS,20.148,47.643,688.8349999999999,77.739,80.289
AWS,20.192,46.788000000000004,679.1089999999999,85.342,89.474
AWS,23.163,48.169,717.465,95.16199999999999,95.261
AWS,19.347,47.339,706.232,69.52,85.305
AWS,20.632,47.156000000000006,687.746,127.47900000000001,116.78399999999999
AWS,20.156,46.623,676.869,83.812,107.321
AWS,31.366,42.903,709.087,146.82899999999998,68.60900000000001
AWS,22.586,58.922000000000004,704.2620000000001,80.639,118.306
AWS,21.25,120.04299999999999,695.233,93.269,85.122
AWS,18.349,44.785,710.511,79.766,81.199
AWS,20.066,54.598,691.626,101.297,96.403
AWS,20.441999999999997,42.51,694.2420000000001,78.027,83.528
AWS,35.164,41.938,708.7679999999999,94.143,136.322
AWS,26.256999999999998,54.394999999999996,721.206,147.937,85.908
AWS,20.221,56.516,704.802,81.79599999999999,88.901
AWS,27.639,42.254,677.197,87.58399999999999,81.73
AWS,22.59,47.007,683.881,68.601,98.449
AWS,19.378,64.72,706.992,93.721,87.61099999999999
AWS,36.028999999999996,44.921,681.428,81.526,96.864
AWS,22.301000000000002,50.714,693.7769999999999,77.521,86.452
AWS,23.607,42.748000000000005,675.087,83.158,151.692
AWS,20.833000000000002,45.654,703.194,83.096,81.899
AWS,28.204,46.96,713.7059999999999,153.17700000000002,92.172
AWS,22.461,44.213,682.665,70.336,72.477
AWS,136.03,50.503,703.418,141.093,81.047
AWS,20.264999999999997,42.878,703.123,89.284,93.85300000000001
AWS,21.43,55.735,677.357,89.566,92.53500000000001
AWS,22.022,68.118,687.52,86.98100000000001,85.662
AWS,19.781,42.282000000000004,698.846,88.41300000000001,82.75699999999999
AWS,20.749,49.68,714.221,88.427,538.354
AWS,25.165,48.788,677.501,84.01,98.164
AWS,23.947,46.977,697.156,87.684,172.98
AWS,20.541,44.083999999999996,681.342,85.58,83.475
AWS,29.497,47.437,794.7579999999999,77.409,80.35499999999999
AWS,21.551000000000002,44.81,691.333,108.47800000000001,110.362
AWS,32.11,44.81,696.329,87.482,89.93299999999999
AWS,21.478,56.259,703.142,280.779,80.206
AWS,23.395,48.245999999999995,679.662,98.466,98.84400000000001
AWS,19.33,49.031,721.01,91.264,104.63799999999999
AWS,19.852,45.571,684.6,82.64399999999999,86.786
AWS,18.653,58.823,702.356,78.358,180.461
AWS,30.563,54.15,718.3389999999999,96.32400000000001,79.012
AWS,19.659,70.973,681.486,99.31700000000001,80.01700000000001
AWS,18.578,64.444,701.7370000000001,85.71,88.813
AWS,29.259,49.019,679.196,145.059,89.73299999999999
AWS,19.634999999999998,53.080000000000005,709.02,81.146,78.474
AWS,19.669,42.701,711.527,173.758,82.83
AWS,19.417,67.914,700.261,70.431,93.94
AWS,29.022,53.231,727.6700000000001,147.231,108.574
AWS,23.441,44.231,786.9300000000001,82.413,94.266
AWS,21.58,102.13,688.194,96.141,92.901
AWS,19.446,56.131,660.048,93.389,142.51
AWS,19.455,45.182,713.8449999999999,73.561,78.414
AWS,25.517000000000003,44.32,717.859,96.293,88.436
AWS,20.932,43.149,683.731,74.519,78.43
AWS,20.577,43.36,691.052,93.89599999999999,84.95800000000001
AWS,20.955000000000002,47.237,713.48,116.58300000000001,112.145
AWS,21.089,49.516999999999996,701.287,96.503,88.397
AWS,23.973000000000003,44.088,681.1800000000001,89.973,174.05599999999998
AWS,22.229,43.899,684.523,91.495,142.35500000000002
AWS,19.653,51.038,688.104,87.787,106.22
AWS,19.945999999999998,49.357,692.576,100.573,95.169
AWS,30.678,46.437,710.08,90.044,82.556
AWS,19.942999999999998,51.282000000000004,699.6289999999999,83.16999999999999,117.759
AWS,29.749000000000002,41.284,716.0649999999999,83.39399999999999,82.574
AWS,29.227,53.888,678.508,135.17000000000002,81.917
AWS,47.867,109.21300000000001,684.624,96.984,80.18599999999999
AWS,18.093,66.081,694.629,100.592,93.928
AWS,20.676,79.528,695.661,86.675,92.962
AWS,26.931,47.75,691.1460000000001,95.336,75.533
AWS,20.762,43.757999999999996,677.139,90.284,70.216
AWS,40.675000000000004,43.625,688.604,101.92,82.83699999999999
AWS,28.636000000000003,47.858,711.675,88.897,85.257
AWS,21.316000000000003,52.841,704.8050000000001,85.287,86.596
AWS,19.269000000000002,44.581999999999994,704.6850000000001,77.94500000000001,87.65
AWS,23.171,45.496,690.136,89.84599999999999,86.245
AWS,19.139,42.089,678.99,84.782,83.62899999999999
AWS,18.493,54.533,685.1030000000001,91.661,166.077
AWS,19.404999999999998,46.367,685.634,72.174,113.438
AWS,21.052999999999997,55.012,698.5440000000001,83.54499999999999,81.75200000000001
AWS,26.211000000000002,48.277,675.5360000000001,83.756,89.628
AWS,19.276999999999997,64.122,686.1709999999999,74.934,82.29499999999999
AWS,29.582,42.861000000000004,700.4399999999999,78.75,77.30099999999999
AWS,18.32,42.382999999999996,694.3059999999999,79.258,87.073
AWS,20.656000000000002,46.35,728.636,128.712,121.173
AWS,41.469,50.983000000000004,687.5219999999999,98.81700000000001,94.827
AWS,20.896,65.681,697.221,120.129,87.622
AWS,22.238999999999997,52.242,700.35,83.551,88.794
AWS,20.755,142.529,692.991,84.633,78.423
AWS,18.743,41.833000000000006,716.6329999999999,86.48,76.834
AWS,35.43,41.168000000000006,687.353,80.923,73.506
AWS,34.092999999999996,511.93100000000004,697.744,80.94500000000001,171.72
AWS,25.038999999999998,42.256,784.455,75.362,121.424
AWS,24.604,47.149,691.159,78.984,81.788
AWS,23.897000000000002,47.71,717.423,82.425,110.63499999999999
AWS,23.419999999999998,47.074,682.02,81.334,83.298
AWS,19.406,42.443000000000005,702.3470000000001,82.825,81.251
AWS,20.153000000000002,42.331,700.397,79.10300000000001,83.65499999999999
AWS,19.718,48.580999999999996,713.221,78.641,84.257
AWS,18.363999999999997,46.397,684.767,98.40400000000001,85.91
AWS,17.277,40.68,694.2890000000001,136.525,527.668
AWS,23.633000000000003,45.271,712.211,82.255,115.163
AWS,29.499000000000002,46.912,678.969,75.02499999999999,147.346
AWS,21.872,58.776,693.6980000000001,73.741,84.858
AWS,20.9,45.193,793.601,83.815,103.48599999999999
AWS,25.080000000000002,40.542,685.4670000000001,67.50200000000001,83.274
AWS,20.703,87.215,695.766,99.111,86.487
AWS,32.804,45.964,704.0269999999999,83.099,84.772
AWS,27.458,42.42400000000001,777.663,93.27199999999999,80.854
AWS,20.281,49.065999999999995,687.2470000000001,98.343,84.755
AWS,19.349999999999998,43.131,697.5369999999999,173.493,86.88
AWS,19.536,59.475,696.349,104.592,103.798
AWS,25.55,42.436,701.185,81.254,125.19
AWS,22.503,43.369,693.7149999999999,97.99,92.004
AWS,31.749,51.982,697.3470000000001,91.707,85.11399999999999
AWS,23.028,48.624,688.526,83.67099999999999,93.091
AWS,25.0,56.741,685.284,85.97,108.316
AWS,27.952,58.831,690.9530000000001,81.967,106.656
AWS,20.492,40.818,682.121,72.375,85.237
AWS,20.108999999999998,76.265,725.3960000000001,524.959,63.11
AWS,21.232999999999997,41.581,657.395,85.585,88.834
AWS,35.119,44.158,675.41,85.783,107.774
AWS,18.977999999999998,103.712,716.752,528.371,86.799
AWS,22.071,54.155,683.357,117.435,86.22399999999999
AWS,22.04,51.936,709.863,85.122,84.028
AWS,23.891,49.95,711.6850000000001,93.399,92.206
AWS,29.0,50.717,703.295,80.717,82.06099999999999
AWS,19.942999999999998,87.56400000000001,786.055,91.533,86.16
AWS,19.302,53.336,665.903,78.557,72.522
AWS,22.525,61.845,678.1030000000001,144.194,531.962
AWS,22.591,53.077,705.249,73.39800000000001,82.194
AWS,19.708,49.53,688.286,75.77499999999999,87.958
AWS,21.725,41.624,669.279,87.73599999999999,96.563
AWS,21.733999999999998,60.318,713.538,116.387,81.08
AWS,35.433,52.99100000000001,689.218,84.287,111.60499999999999
AWS,36.054,521.476,691.654,127.95,90.693
AWS,19.828,59.852000000000004,777.265,80.46499999999999,76.41199999999999
AWS,19.139,61.348,679.652,120.417,88.14
AWS,28.91,42.427,713.945,127.15499999999999,85.451
AWS,21.597,44.273,714.4549999999999,104.755,86.01
AWS,26.584,45.854,679.408,81.135,82.76400000000001
AWS,34.607,44.172000000000004,700.612,111.166,78.25999999999999
AWS,27.825,104.226,716.9060000000001,81.175,83.35199999999999
AWS,19.174,47.739,713.324,90.447,89.01299999999999
AWS,25.563,58.463,706.822,82.209,78.053
AWS,27.968,41.494,677.552,199.57,86.196
AWS,21.011,53.568999999999996,674.008,79.92200000000001,82.22500000000001
AWS,24.987,50.748000000000005,694.573,77.724,142.56199999999998
AWS,23.786,48.139,706.395,82.756,87.17
AWS,17.651,59.762,699.53,78.42399999999999,76.94800000000001
AWS,20.407999999999998,43.144,686.333,78.759,83.36399999999999
AWS,19.615000000000002,47.994,683.802,120.31500000000001,79.707
AWS,21.258,46.236,694.468,83.71900000000001,89.66399999999999
AWS,20.547,77.36,693.721,95.033,78.141
AWS,18.969,40.893,714.6519999999999,82.483,77.075
AWS,21.895,44.973,718.281,81.958,81.708
AWS,19.396,46.307,678.504,91.20100000000001,82.045
AWS,32.273,49.714,707.951,83.70400000000001,90.526
AWS,20.027,46.032999999999994,708.0419999999999,68.941,76.71799999999999
AWS,20.148,42.49,686.4010000000001,85.87400000000001,74.302
AWS,20.014,67.163,689.0450000000001,81.983,83.943
AWS,20.284,42.931999999999995,715.641,75.595,85.202
AWS,19.607,57.497,668.481,85.37,85.32199999999999
AWS,20.854000000000003,41.846000000000004,676.406,80.36500000000001,75.596
AWS,19.019000000000002,43.06,683.354,102.785,80.92399999999999
AWS,18.77,56.684,687.584,86.93599999999999,92.643
AWS,20.514,45.188,680.1709999999999,82.845,114.86699999999999
AWS,18.729,41.863,655.437,85.20800000000001,121.85600000000001
AWS,22.43,42.123,714.077,70.661,83.715
AWS,27.656,48.32,686.51,78.798,86.04100000000001
AWS,28.979000000000003,63.733,787.794,81.873,82.53399999999999
AWS,20.57,67.277,686.575,77.246,72.592
AWS,19.453000000000003,47.032,695.198,136.351,79.88000000000001
AWS,20.899,46.913999999999994,716.1260000000001,90.048,88.426
AWS,21.765,46.107,722.306,86.737,174.065
AWS,26.656,47.244,682.092,78.348,87.389
AWS,18.959,47.622,693.3679999999999,85.646,133.127
AWS,22.925,48.29,709.718,138.641,539.354
AWS,19.928,46.934,686.065,82.90899999999999,89.885
AWS,16.851000000000003,49.672000000000004,684.038,92.947,82.648
AWS,22.753,42.811,691.221,78.971,73.82600000000001
AWS,21.566,57.512,682.209,82.399,84.236
AWS,20.436,47.773999999999994,696.7130000000001,88.212,85.45899999999999
AWS,30.442,39.584,696.191,83.38900000000001,80.306
AWS,19.581,50.855,714.364,132.39999999999998,552.3090000000001
AWS,20.848,87.06899999999999,692.299,89.49300000000001,85.216
AWS,24.25,70.477,684.584,71.605,82.64699999999999
AWS,26.256999999999998,50.3,790.515,130.66,65.456
AWS,19.775000000000002,44.001,792.601,75.7,76.957
AWS,20.961000000000002,44.011,691.933,101.299,96.806
AWS,21.312,52.774,704.615,100.524,83.467
AWS,19.214,113.12,683.89,93.565,83.788
AWS,29.42,496.033,689.896,85.655,90.747
AWS,25.491,78.096,717.4019999999999,611.9449999999999,75.95100000000001
AWS,28.060000000000002,42.074,691.0300000000001,80.28299999999999,91.141
AWS,24.514999999999997,48.50899999999999,715.019,83.21900000000001,145.738
AWS,18.999,42.772,722.195,92.899,142.268
AWS,24.497999999999998,44.437,697.323,80.762,91.583
AWS,34.413,44.321,691.412,87.816,118.88799999999999
AWS,22.107000000000003,43.535,698.681,75.156,83.384
AWS,22.622,51.695,791.038,79.08999999999999,69.875
AWS,21.371000000000002,47.591,710.3810000000001,86.14099999999999,85.26599999999999
AWS,20.982,70.29100000000001,703.3549999999999,85.22,94.471
AWS,22.411,57.813,682.803,81.07000000000001,81.47999999999999
AWS,18.708,46.22,709.7560000000001,109.47,70.453
AWS,19.983999999999998,42.556,710.062,82.04400000000001,87.399
AWS,20.913999999999998,44.985,713.3770000000001,170.901,125.40100000000001
AWS,28.818,49.325,692.3770000000001,81.038,76.849
AWS,20.413,99.596,679.028,83.73700000000001,79.729
AWS,29.661,40.423,712.948,84.835,72.923
AWS,20.712,51.278,702.339,88.05499999999999,128.853
AWS,20.38,43.452,779.3480000000001,84.715,87.911
AWS,20.070999999999998,48.985,731.505,87.727,118.862
AWS,22.297,43.734,688.8570000000001,81.471,98.01
AWS,18.828,69.479,699.1460000000001,95.828,96.743
AWS,20.79,49.303,717.831,84.05799999999999,68.6
AWS,55.946999999999996,47.556000000000004,785.817,99.11399999999999,78.667
AWS,20.127,49.980999999999995,706.74,109.206,94.834
AWS,21.045,42.509,704.067,100.446,80.921
AWS,24.064,53.468,711.662,102.43299999999999,93.23299999999999
AWS,22.567,42.04900000000001,683.645,88.225,99.949
AWS,24.029999999999998,84.663,686.689,82.614,78.19
AWS,18.762999999999998,47.781,704.17,79.866,69.309
AWS,19.115,163.458,687.252,95.666,95.55199999999999
AWS,31.402,47.708,776.1850000000001,84.341,83.125
AWS,20.651,68.767,697.142,82.429,82.69500000000001
AWS,23.88,46.059000000000005,795.611,70.024,116.789
AWS,19.753,48.932,693.822,139.131,85.637
AWS,23.275000000000002,44.933,699.37,85.143,215.82999999999998
AWS,29.685,43.537,683.7710000000001,86.165,87.952
AWS,22.083,43.46,791.408,77.89699999999999,83.054
AWS,28.403000000000002,46.224000000000004,695.415,88.72,86.15299999999999
AWS,22.497,46.938,687.116,181.555,102.809
AWS,19.57,44.545,719.703,85.9,85.907
AWS,22.486,46.824,714.619,78.97999999999999,75.164
AWS,24.122999999999998,44.737,681.5799999999999,108.57600000000001,89.16399999999999
AWS,18.49,60.058,716.016,84.72200000000001,83.272
AWS,21.363,44.364,708.94,129.924,87.241
AWS,41.574,49.348000000000006,724.64,115.59400000000001,96.716
AWS,20.088,46.018,689.899,121.548,84.669
AWS,32.452,41.986999999999995,787.471,86.595,78.776
AWS,21.733999999999998,54.544000000000004,707.745,107.97800000000001,112.41199999999999
AWS,30.647000000000002,43.941,698.387,98.204,92.986
AWS,21.756,44.81,681.903,85.18,89.35
AWS,21.572999999999997,40.557,685.532,81.014,107.932
AWS,19.346,56.476,687.304,85.444,82.244
AWS,20.933,49.873,709.802,78.55,87.66799999999999
AWS,35.719,42.183,696.6170000000001,100.354,112.161
AWS,20.323999999999998,50.793,696.373,136.971,524.934
AWS,18.790000000000003,43.717999999999996,704.595,101.38900000000001,95.25699999999999
AWS,39.674,42.462,716.4639999999999,83.458,88.215
AWS,22.096999999999998,52.491,684.708,74.93900000000001,90.839
AWS,25.958,45.056,688.782,78.666,73.727
AWS,31.65,42.653999999999996,696.604,90.70599999999999,93.419
AWS,17.985999999999997,41.649,679.2289999999999,89.375,79.926
AWS,35.649,42.626999999999995,676.201,183.479,103.953
AWS,25.458000000000002,44.617999999999995,705.947,101.89099999999999,86.833
AWS,18.983,111.107,696.275,580.347,84.37
AWS,19.764,41.667,695.542,77.151,147.427
AWS,19.245,44.308,695.637,84.20400000000001,81.064
AWS,19.633000000000003,550.991,702.8480000000001,147.385,90.27399999999999
AWS,19.808,63.892,680.1700000000001,127.583,194.547
AWS,32.745999999999995,49.341,712.634,104.729,74.033
AWS,22.058999999999997,63.038,690.973,120.527,87.357
AWS,19.917,44.91,714.062,83.95400000000001,78.391
AWS,19.127000000000002,43.778,702.8100000000001,81.21000000000001,84.665
AWS,22.915000000000003,88.37,796.866,209.563,80.818
AWS,20.733,50.2,771.338,72.414,87.382
AWS,19.869999999999997,50.659000000000006,697.264,99.802,150.81300000000002
AWS,23.184,49.137,687.817,70.17099999999999,127.707
AWS,18.278,45.598,704.9720000000001,75.828,87.384
AWS,21.8,95.69800000000001,666.9000000000001,127.167,108.056
AWS,22.106,49.955,702.2629999999999,108.765,149.375
AWS,19.836,93.189,695.218,150.948,85.045
AWS,21.528,88.753,691.256,123.529,515.086
AWS,20.749,70.14099999999999,713.1279999999999,85.94200000000001,97.202
AWS,21.282,79.416,679.667,81.97,79.136
AWS,17.796,60.1,793.7729999999999,89.535,76.669
AWS,24.663,53.028999999999996,684.5949999999999,92.02799999999999,85.95800000000001
AWS,18.196,48.538,722.669,139.536,538.466
AWS,19.399,54.440000000000005,677.859,77.486,78.03999999999999
AWS,22.893,49.378,792.826,89.359,92.054
AWS,20.189,54.050000000000004,684.504,90.494,78.811
AWS,24.186,43.936,681.984,83.926,70.98899999999999
AWS,21.316000000000003,41.256,691.495,76.924,83.902
AWS,18.566,40.631,680.352,87.097,154.674
AWS,28.386000000000003,146.451,700.726,109.932,83.621
AWS,21.059,46.173,710.425,83.46000000000001,85.95
AWS,32.364,57.647,791.957,124.676,113.153
AWS,19.634,46.906000000000006,680.271,79.262,83.17399999999999
AWS,34.602000000000004,43.685,690.779,76.867,79.724
AWS,19.779,42.309,692.9419999999999,101.26899999999999,81.83
AWS,21.904,48.396,710.7900000000001,85.086,91.30499999999999
AWS,23.631,57.888000000000005,682.339,86.04299999999999,88.362
AWS,20.437,42.576,695.169,67.836,82.576
AWS,27.543000000000003,48.033,694.05,74.389,86.218
AWS,22.612000000000002,61.266,680.695,82.983,88.81
AWS,22.679000000000002,54.659,707.819,138.52700000000002,105.467
AWS,28.848,47.812,675.431,119.94399999999999,90.147
AWS,26.272,45.311,800.5100000000001,79.401,156.446
AWS,21.519,64.477,696.9250000000001,84.395,80.33999999999999
AWS,19.494999999999997,46.046,707.0490000000001,78.972,93.426
AWS,19.549,49.477,708.573,87.098,98.15
AWS,20.295,70.462,719.169,79.27,81.761
AWS,21.017999999999997,59.785,677.7959999999999,85.367,129.123
AWS,20.295,53.863,696.354,123.17599999999999,102.911
AWS,33.601,45.400000000000006,693.832,105.803,73.06400000000001
AWS,16.823,51.693000000000005,695.68,84.37400000000001,83.886
AWS,20.157999999999998,48.04,690.397,83.649,82.359
AWS,22.221,49.397999999999996,699.639,80.622,69.861
AWS,30.657,46.588,676.1160000000001,146.91199999999998,565.172
AWS,22.898000000000003,43.208000000000006,680.286,84.78099999999999,83.882
AWS,21.756999999999998,51.385,782.467,72.264,110.664
AWS,38.246,44.477000000000004,676.1819999999999,78.50999999999999,91.184
AWS,23.286,89.674,687.7529999999999,91.491,86.799
AWS,33.403,43.256,713.894,89.71300000000001,90.301
AWS,26.719,48.514,695.834,82.65400000000001,95.58999999999999
AWS,43.545,46.431,709.7750000000001,80.155,103.631
AWS,23.380000000000003,39.488,708.356,86.603,89.602
AWS,25.686,47.539,691.226,86.643,85.53399999999999
AWS,19.898,497.08599999999996,683.4010000000001,83.663,103.283
AWS,31.587999999999997,41.922000000000004,693.971,84.887,90.197
AWS,22.211000000000002,42.707,701.741,83.98400000000001,73.52
AWS,23.21,51.338,681.754,71.36399999999999,114.333
AWS,17.413,44.913000000000004,683.703,75.509,78.863
AWS,29.671,42.181000000000004,716.471,72.02300000000001,122.414
AWS,20.295,60.329,683.376,100.755,79.37700000000001
AWS,20.195,53.808,708.538,86.163,91.414
AWS,23.014,49.994,685.988,82.191,85.56400000000001
AWS,20.852,882.931,799.119,67.84,82.959
AWS,23.040000000000003,62.71,706.312,105.24,81.386
AWS,30.066,47.913,714.938,80.75,85.049
AWS,27.985,48.543000000000006,676.242,87.867,80.81099999999999
AWS,22.642,46.437,704.3589999999999,75.105,134.24099999999999
AWS,19.54,43.225,709.5939999999999,87.34400000000001,84.452
AWS,23.614,46.112,683.14,138.94500000000002,90.05199999999999
AWS,20.209999999999997,55.059999999999995,681.89,89.739,125.09799999999998
AWS,19.18,48.486000000000004,709.755,80.968,100.01400000000001
AWS,21.069000000000003,47.236,686.903,66.13900000000001,87.464
AWS,29.481,49.084999999999994,713.8820000000001,124.491,88.10900000000001
AWS,21.687,46.313,691.332,79.609,88.88600000000001
AWS,33.791000000000004,48.134,696.0659999999999,91.947,93.359
AWS,21.878999999999998,43.178000000000004,710.7059999999999,67.37,85.287
AWS,19.769,44.892,672.554,86.322,175.561
AWS,27.354,49.741,699.995,111.863,74.82
AWS,23.88,57.539,794.1,87.411,101.525
AWS,19.108,57.268,698.602,74.768,87.524
AWS,19.198,92.497,700.133,72.193,81.735
AWS,20.955000000000002,45.989000000000004,691.646,81.905,99.763
AWS,19.948,50.06,702.647,84.302,83.966
AWS,30.358,58.681,690.255,103.622,87.904
AWS,23.956000000000003,49.582,695.211,78.13499999999999,84.583
AWS,22.57,42.446999999999996,686.238,71.07900000000001,87.34899999999999
AWS,28.209000000000003,44.244,696.299,77.796,81.281
AWS,17.385,44.482,699.787,107.266,208.593
AWS,21.224,50.464,702.624,77.612,108.41199999999999
AWS,20.91,46.112,713.7869999999999,77.683,88.517
AWS,18.602,53.924,690.899,74.724,102.851
AWS,29.53,46.787,700.82,87.639,80.345
AWS,19.191,48.427,790.474,69.85,88.202
AWS,20.135,70.322,787.625,80.266,82.44200000000001
AWS,22.599999999999998,47.588,630.421,86.46900000000001,85.742
AWS,20.932,47.59,688.318,103.753,80.884
AWS,18.360999999999997,42.332,689.493,91.026,79.143
AWS,20.432,42.336999999999996,688.175,82.986,71.741
AWS,20.215,42.319,787.285,81.053,78.401
AWS,21.462,53.121,703.7139999999999,125.946,110.839
AWS,18.77,41.707,717.764,85.493,97.623
AWS,23.46,46.248999999999995,760.822,79.02499999999999,87.283
AWS,17.499000000000002,60.135,706.94,79.179,78.006
AWS,22.04,40.086999999999996,685.016,73.95400000000001,92.554
AWS,24.766,47.942,676.6940000000001,77.316,86.115
AWS,20.28,46.144999999999996,677.735,101.398,84.26400000000001
AWS,19.573,41.969,710.197,87.582,102.25399999999999
AWS,19.89,45.406,651.8000000000001,85.715,89.878
AWS,43.177,47.804,680.014,78.685,187.194
AWS,19.517,45.198,776.375,85.521,110.793
AWS,24.399,54.866,691.5179999999999,73.938,80.79400000000001
AWS,19.36,47.091,735.9440000000001,73.70100000000001,74.474
AWS,23.650000000000002,43.251999999999995,678.175,88.358,84.899
AWS,22.013,43.655,733.364,86.33200000000001,141.179
AWS,22.069,42.561,716.335,83.586,108.602
AWS,25.224,44.571,734.577,72.75800000000001,80.83999999999999
AWS,20.459000000000003,84.38,771.908,166.377,72.97099999999999
AWS,19.48,50.275,699.3040000000001,78.428,85.012
AWS,35.628,62.298,689.222,83.718,85.37400000000001
AWS,21.842,51.976,681.427,78.492,154.65200000000002
AWS,22.654,49.918,684.476,87.01,99.02900000000001
AWS,18.819,44.708999999999996,684.798,84.559,89.158
AWS,25.75,40.446999999999996,714.835,108.86500000000001,98.79
AWS,21.041,52.415000000000006,678.9190000000001,82.85,84.203
AWS,19.115,131.3,707.4749999999999,100.205,86.552
AWS,19.744,56.748,712.4939999999999,86.895,145.293
AWS,31.213,47.473,792.582,85.145,76.632
AWS,21.261,47.187,798.535,82.079,120.282
AWS,52.509,41.02,716.7379999999999,87.992,120.082
AWS,18.803,43.746,712.7470000000001,81.36,97.781
AWS,21.843999999999998,49.452999999999996,717.973,115.515,499.94
AWS,25.1,52.187999999999995,708.8370000000001,70.096,69.217
AWS,25.645,50.717999999999996,782.023,84.53099999999999,87.468
AWS,22.074,42.631,703.003,147.823,123.223
AWS,33.701,46.613,688.652,81.282,85.17
AWS,21.691,49.300999999999995,697.431,84.04100000000001,135.959
AWS,18.487,49.107,712.286,136.964,89.89999999999999
AWS,20.212999999999997,52.564,732.87,553.479,88.074
AWS,20.829,42.845,783.818,88.952,83.14399999999999
AWS,25.111,67.902,792.892,81.553,71.97000000000001
AWS,97.614,48.824,686.337,85.652,96.553
AWS,21.812,50.632999999999996,692.2120000000001,85.702,128.106
AWS,19.77,49.663,693.881,147.382,97.138
AWS,23.851,46.578,783.117,163.266,81.371
AWS,22.319,50.789,678.849,79.639,99.157
AWS,24.034,41.223000000000006,681.563,74.372,88.98599999999999
AWS,21.214,58.067,681.67,106.246,77.89999999999999
AWS,24.258,43.435,681.5369999999999,80.304,97.19800000000001
AWS,17.498,53.086,690.9459999999999,82.292,129.153
AWS,28.924,47.921,680.378,96.85000000000001,81.675
AWS,44.046,51.547999999999995,709.7520000000001,89.94000000000001,86.256
AWS,20.447,57.644,712.425,79.067,85.99900000000001
AWS,18.899,52.415000000000006,702.767,84.063,95.084
AWS,19.736,74.744,685.006,89.34400000000001,85.486
AWS,18.158,45.563,704.26,82.568,87.175
AWS,20.423000000000002,44.947,704.201,95.775,84.60900000000001
AWS,50.02,55.224000000000004,775.242,81.702,100.52600000000001
AWS,25.274,42.458000000000006,681.188,79.57300000000001,89.212
AWS,19.913,51.121,681.762,99.084,85.53399999999999
AWS,35.065,50.903999999999996,689.155,201.757,80.955
AWS,19.629,44.372,685.5759999999999,124.416,91.861
AWS,26.259999999999998,82.788,797.1129999999999,81.503,82.744
AWS,20.072,44.487,705.3439999999999,85.97,91.71700000000001
AWS,19.52,47.172,691.539,83.55600000000001,75.21300000000001
AWS,18.83,53.719,711.2669999999999,81.39399999999999,86.931
AWS,23.929,44.213,690.228,84.756,80.50200000000001
AWS,21.204,44.498000000000005,712.178,80.491,86.82900000000001
AWS,21.438,55.787000000000006,720.235,92.485,103.008
AWS,19.919,48.788,780.572,84.71,88.15
AWS,34.704,63.58,697.1239999999999,187.078,110.05199999999999
AWS,18.833,43.829,677.618,134.66400000000002,91.859
AWS,21.916999999999998,45.768,702.082,72.92800000000001,72.112
AWS,22.24,56.585,690.177,88.30799999999999,90.97099999999999
AWS,20.127,42.875,728.6740000000001,83.08699999999999,110.471
AWS,19.369999999999997,42.454,693.97,80.78200000000001,79.317
AWS,21.348,50.628,696.4169999999999,91.0,86.066
AWS,22.699,515.3180000000001,777.049,80.781,85.628
AWS,22.805,43.797000000000004,695.061,90.822,81.17699999999999
AWS,89.316,44.272,691.235,557.741,109.574
AWS,23.154,80.056,691.6999999999999,80.803,88.61800000000001
AWS,25.259,46.654,719.963,83.533,83.003
AWS,21.182,49.495999999999995,688.801,79.636,90.556
AWS,32.784,52.76,685.883,81.078,92.905
AWS,23.086,44.022999999999996,699.939,138.27800000000002,122.723
AWS,25.374000000000002,50.077999999999996,678.944,79.08999999999999,78.934
AWS,18.709,63.11899999999999,793.988,83.131,84.60199999999999
AWS,28.995,48.107,699.773,124.434,108.069
AWS,46.658,43.91,687.982,77.679,70.478
AWS,22.756,50.725,703.187,100.48700000000001,85.461
AWS,22.374000000000002,49.064,700.846,88.714,104.94000000000001
AWS,22.918,77.52000000000001,710.465,83.66600000000001,68.767
AWS,24.529,72.316,709.687,140.713,131.629
AWS,19.175,48.38,698.938,118.397,88.199
AWS,29.782,124.916,676.163,82.841,507.29900000000004
AWS,27.747,51.677,703.801,84.574,99.275
AWS,27.067,51.145999999999994,697.6510000000001,86.37899999999999,72.64800000000001
AWS,19.852,42.796,695.099,88.28999999999999,83.083
AWS,21.066000000000003,77.96300000000001,687.043,105.02,89.046
AWS,20.177,45.932,698.6750000000001,168.067,84.824
AWS,21.097,47.632,734.524,83.182,85.123
AWS,24.608999999999998,43.69,696.773,85.422,82.937
AWS,34.535999999999994,57.592,793.869,86.312,85.217
AWS,33.559,99.59,682.356,96.547,197.602
AWS,25.901,55.116,680.942,93.202,80.68
AWS,21.877,554.991,710.4939999999999,143.433,82.717
AWS,27.667,49.105999999999995,711.999,80.73700000000001,80.16900000000001
AWS,21.177,47.29,680.48,108.419,83.26
AWS,33.033,46.094,704.581,90.134,72.601
AWS,19.451,44.294,692.034,87.15299999999999,92.39999999999999
AWS,20.847,43.685,713.662,72.09100000000001,85.29599999999999
AWS,21.089,43.391,659.338,96.167,128.492
AWS,23.484,44.051,688.4780000000001,85.654,67.559
AWS,24.204,58.649,692.568,213.87900000000002,86.34899999999999
AWS,19.936,46.858999999999995,694.1610000000001,99.05,85.20800000000001
AWS,24.875999999999998,549.876,793.415,84.354,172.447
AWS,20.625999999999998,46.821,708.2570000000001,90.074,105.11800000000001
AWS,19.269000000000002,46.022,710.269,83.211,77.491
AWS,24.2,51.287,706.233,84.79299999999999,78.557
AWS,22.461,67.751,796.393,114.92099999999999,93.474
AWS,33.071999999999996,41.487,710.866,101.665,516.952
AWS,24.305,47.224000000000004,712.012,83.801,111.383
AWS,22.398,53.26199999999999,683.411,72.274,83.564
AWS,23.613,42.692,704.052,79.461,87.42999999999999
AWS,20.513,45.564,703.692,82.577,100.30699999999999
AWS,20.732,72.241,693.802,79.773,92.149
AWS,20.525000000000002,53.675,711.3230000000001,84.331,78.089
AWS,21.845,71.017,682.5329999999999,87.59400000000001,94.53
AWS,22.884999999999998,58.14,692.8330000000001,86.7,90.89800000000001
AWS,19.812,46.563,679.465,90.203,84.732
AWS,35.803000000000004,44.089000000000006,690.628,103.806,140.68
AWS,26.603,40.946999999999996,685.483,92.17,99.419
AWS,22.110999999999997,54.760999999999996,677.921,81.46100000000001,88.88300000000001
AWS,21.025,49.262,695.097,80.758,129.603
AWS,20.532999999999998,42.677,775.4069999999999,95.861,94.86500000000001
AWS,21.316000000000003,45.545,714.317,85.742,69.782
AWS,21.964000000000002,44.591,713.35,77.602,85.142
AWS,21.092,44.245,700.646,92.38300000000001,95.16199999999999
AWS,19.525000000000002,48.755,695.13,81.749,89.336
AWS,19.851,48.461999999999996,702.602,148.47299999999998,114.26400000000001
AWS,22.759999999999998,85.845,711.241,91.06,99.038
AWS,23.595000000000002,43.503,708.429,100.246,89.492
AWS,21.382,44.378,684.232,78.276,95.244
AWS,18.700000000000003,52.82,717.211,101.897,81.35199999999999
AWS,19.412,44.366,776.624,88.565,79.716
AWS,22.826,42.125,679.8140000000001,83.745,84.616
AWS,18.886,40.068,691.4820000000001,76.538,79.648
AWS,25.829,64.398,700.992,80.768,94.19800000000001
AWS,30.134,43.976,803.2280000000001,78.20100000000001,78.749
AWS,25.102,47.434999999999995,712.48,78.006,118.072
AWS,21.898,54.607,702.151,80.989,81.81099999999999
AWS,38.915,44.297999999999995,787.748,137.939,84.789
AWS,19.064,42.027,713.683,144.187,84.506
AWS,20.458000000000002,60.175,700.463,92.28999999999999,83.482
AWS,27.581000000000003,57.408,690.568,84.11200000000001,84.84899999999999
AWS,49.952999999999996,50.606,696.082,105.66399999999999,112.02199999999999
AWS,20.992,88.673,683.905,71.85600000000001,125.31400000000001
AWS,24.389,53.617,686.77,74.55000000000001,81.886
AWS,19.746,54.571,683.647,81.391,75.488
AWS,34.59,47.78,691.9530000000001,84.301,96.467
AWS,20.701,44.352000000000004,687.7189999999999,113.49,71.269
AWS,23.788,49.061,688.274,97.82499999999999,82.351
AWS,21.735,42.761,707.172,83.907,83.757
AWS,22.337,41.055,693.098,181.063,85.631
AWS,26.112,61.327,704.005,87.088,101.162
AWS,18.387,43.08,708.893,81.844,102.06800000000001
AWS,21.770999999999997,59.33,677.731,143.043,147.274
AWS,20.198,42.96,705.855,138.464,77.70100000000001
AWS,21.027,54.483999999999995,716.3040000000001,78.97999999999999,141.101
AWS,29.011,41.223000000000006,684.1279999999999,69.727,95.197
AWS,24.299999999999997,42.973,822.803,130.136,85.384
AWS,22.863999999999997,135.101,681.789,83.73800000000001,168.55700000000002
AWS,21.322,44.216,686.9889999999999,91.007,88.768
AWS,19.985,43.728,687.851,78.425,90.366
AWS,35.656,49.422000000000004,681.597,75.194,232.275
AWS,19.766,45.099000000000004,688.138,102.023,87.964
AWS,20.872,49.081,710.318,128.98000000000002,100.412
AWS,31.759999999999998,81.78,694.4129999999999,82.119,85.799
AWS,25.093,44.683,715.355,80.995,86.81400000000001
AWS,21.601,47.163,685.98,151.688,120.86099999999999
AWS,22.136,43.963,708.233,87.389,95.788
AWS,17.834,123.72,694.9060000000001,80.131,84.533
AWS,23.942999999999998,47.176,680.817,87.036,77.109
AWS,20.559,45.972,703.249,82.797,85.038
AWS,20.892999999999997,53.041,696.689,84.09899999999999,159.061
AWS,18.727,68.397,791.08,82.993,87.84599999999999
AWS,20.267,75.009,689.307,89.197,98.452
AWS,20.799000000000003,42.2,703.399,87.757,125.36
AWS,19.991,131.03,678.5210000000001,574.827,101.33300000000001
AWS,21.165,46.786,682.826,82.11200000000001,101.118
AWS,21.179,46.193999999999996,701.323,82.241,83.43599999999999
AWS,21.394,55.396,715.399,84.871,88.977
AWS,27.498,40.915,690.883,99.064,181.59900000000002
AWS,22.163,52.634,706.187,79.584,72.15
AWS,20.077,46.064,713.05,110.828,204.929
AWS,21.743,53.052,797.597,121.094,112.006
AWS,24.235,40.917,657.6220000000001,84.544,81.30199999999999
AWS,20.056,68.611,698.862,115.539,127.80199999999999
AWS,32.157,44.043,681.388,76.643,102.681
AWS,19.532999999999998,65.85499999999999,681.143,97.26799999999999,92.60300000000001
AWS,19.898,43.774,690.964,73.137,109.933
AWS,19.107,44.829,736.676,172.481,95.723
AWS,27.012,53.876,693.812,102.823,120.32600000000001
AWS,34.746,41.666000000000004,695.6419999999999,76.685,101.3
AWS,19.143,49.067,703.266,109.146,95.38499999999999
AWS,20.715,45.323,679.063,100.97,155.60399999999998
AWS,24.275000000000002,44.007,683.684,71.672,87.667
AWS,17.625,47.103,694.374,88.965,87.31700000000001
AWS,35.774,47.221,694.2779999999999,91.12,75.959
AWS,21.769000000000002,71.735,679.297,70.634,105.94800000000001
AWS,19.129,44.576,712.672,87.27699999999999,95.951
AWS,23.507,49.126999999999995,680.688,89.837,78.41
AWS,17.794999999999998,52.492999999999995,801.0070000000001,75.598,80.133
AWS,22.558000000000003,56.995999999999995,687.048,91.769,86.299
AWS,23.048,44.958,703.995,95.66199999999999,155.088
AWS,23.325,40.271,677.3820000000001,81.895,99.809
AWS,24.391,52.626,787.867,73.21,103.69399999999999
AWS,19.705000000000002,46.048,683.096,173.23,521.3870000000001
AWS,24.887,47.497,797.322,101.743,82.356
AWS,18.629,91.59100000000001,764.2959999999999,82.168,73.42999999999999
AWS,20.084,43.839000000000006,703.716,80.438,129.05700000000002
AWS,21.677,63.653,815.722,83.12,94.387
AWS,21.755,50.601,708.519,131.869,526.934
AWS,21.069999999999997,54.188,679.8380000000001,69.25,131.966
AWS,20.277,46.243,700.1270000000001,89.354,74.835
AWS,19.396,58.512,713.317,147.157,70.03
AWS,27.477,50.751,680.489,86.338,100.979
AWS,21.302000000000003,46.905,711.8290000000001,107.889,143.974
AWS,30.265,46.488,682.134,174.714,90.31400000000001
AWS,21.076,47.759,680.5060000000001,92.06599999999999,184.698
AWS,28.815,44.866,690.941,78.883,90.637
AWS,24.836000000000002,41.608,732.656,84.327,150.644
AWS,22.546,54.912,782.336,94.116,84.427
AWS,23.254,51.776,769.002,86.00099999999999,92.276
AWS,29.055999999999997,46.166,685.697,119.489,68.419
AWS,20.556,71.958,711.212,142.731,81.874
AWS,21.090999999999998,99.77,689.1429999999999,84.304,97.297
AWS,24.316000000000003,58.562000000000005,708.087,74.631,88.057
AWS,21.613,67.01899999999999,677.827,85.896,81.853
AWS,21.669,57.234,706.5010000000001,84.59400000000001,100.427
AWS,18.746,45.417,685.0889999999999,122.69,91.241
AWS,20.586,47.95399999999999,682.056,219.017,75.919
AWS,23.46,51.53,724.343,94.989,89.173
AWS,19.779999999999998,42.403999999999996,697.653,84.12,80.39399999999999
AWS,20.382,47.858,708.934,100.18100000000001,82.238
AWS,20.172,51.82,694.817,145.345,75.98100000000001
AWS,31.531999999999996,74.862,682.129,82.30999999999999,81.249
AWS,24.368000000000002,521.852,698.841,73.312,116.81800000000001
AWS,18.729,45.106,693.148,90.333,87.768
AWS,22.073,46.084,735.126,98.831,104.352
AWS,28.065,50.577,711.433,141.557,92.627
AWS,28.96,53.808,687.754,74.13799999999999,87.17800000000001
AWS,22.970000000000002,44.977999999999994,702.924,107.917,83.657
AWS,20.301,42.723,695.841,126.389,90.6
AWS,18.970000000000002,131.35,686.6560000000001,69.673,545.892
AWS,20.105,98.823,714.617,95.22999999999999,92.486
AWS,17.845,55.11,686.971,72.765,95.932
AWS,21.458000000000002,43.632999999999996,757.0,87.125,145.734
AWS,27.449,41.238,687.181,79.224,87.86
AWS,19.982,67.733,692.072,84.955,86.351
AWS,33.11,42.605999999999995,801.023,90.693,68.288
AWS,19.973000000000003,45.824,700.748,78.54700000000001,87.57900000000001
AWS,20.977,46.267999999999994,713.039,113.56099999999999,114.178
AWS,27.605999999999998,139.789,693.7959999999999,82.48400000000001,497.081
AWS,18.637999999999998,57.451,693.747,102.252,101.363
AWS,19.639,44.794,678.0260000000001,67.729,71.993
AWS,21.747,1173.619,668.049,95.239,737.701
AWS,21.725,84.158,784.595,84.02,72.59400000000001
AWS,19.289,149.12,682.594,544.169,88.781
AWS,27.005000000000003,44.225,714.078,82.25200000000001,82.17399999999999
AWS,22.957,52.278999999999996,679.408,76.242,84.103
AWS,19.918000000000003,43.482,687.394,79.408,144.25199999999998
AWS,30.396,44.095,711.5169999999999,84.095,125.02499999999999
AWS,21.631999999999998,40.127,714.523,128.643,82.422
AWS,30.33,41.230000000000004,703.006,85.37899999999999,82.673
AWS,33.753,48.924,774.841,74.891,152.847
AWS,23.034,70.09,699.5980000000001,119.423,229.169
AWS,20.863,44.273,711.9799999999999,83.648,86.262
AWS,18.700000000000003,45.131,702.528,75.538,143.872
AWS,18.235999999999997,45.143,707.1129999999999,79.146,87.19300000000001
AWS,26.976,50.915,701.535,85.973,76.46300000000001
AWS,20.805,43.403999999999996,713.78,70.104,84.893
AWS,23.713,41.643,698.385,83.636,127.90199999999999
AWS,20.233999999999998,43.765,678.061,95.666,88.999
AWS,26.955,74.42,691.184,83.78399999999999,82.01700000000001
AWS,19.657,63.416,706.493,102.90299999999999,84.142
AWS,20.899,72.557,719.376,83.455,85.12100000000001
AWS,24.769,47.190999999999995,680.442,97.464,67.094
AWS,31.131,41.588,683.4559999999999,89.531,80.759
AWS,27.796999999999997,48.629,692.4019999999999,70.522,78.78
AWS,22.099,47.93300000000001,699.489,82.778,93.501
AWS,23.234,49.186,680.98,78.223,151.008
AWS,19.266,47.001,708.711,84.121,95.661
AWS,22.155,49.821,722.399,101.857,71.995
AWS,21.026,108.829,727.555,603.764,82.258
AWS,20.695,41.326,711.0849999999999,79.676,83.385
AWS,21.697999999999997,45.102000000000004,683.611,84.789,86.04299999999999
AWS,19.759999999999998,519.3520000000001,683.7879999999999,80.123,119.307
AWS,25.735,71.79,710.349,73.07600000000001,86.08300000000001
IBM,68.927,,,81.503,111.061
IBM,80.93,,,81.584,574.4540000000001
IBM,65.875,,,86.973,127.47900000000001
IBM,86.52799999999999,,,130.889,84.065
IBM,81.013,,,85.64,78.114
IBM,72.99300000000001,,,138.523,103.49600000000001
IBM,72.176,,,93.675,88.006
IBM,79.703,,,76.947,78.611
IBM,97.485,,,81.554,86.384
IBM,68.09400000000001,,,87.5,82.583
IBM,70.698,,,86.988,75.962
IBM,74.725,,,75.692,80.015
IBM,67.093,,,84.926,124.065
IBM,89.467,,,133.493,85.967
IBM,68.39099999999999,,,86.37400000000001,98.451
IBM,71.642,,,81.47500000000001,88.024
IBM,71.955,,,108.722,95.031
IBM,71.842,,,85.226,83.824
IBM,75.619,,,84.425,92.329
IBM,70.18199999999999,,,99.536,82.964
IBM,76.021,,,94.69500000000001,84.823
IBM,67.777,,,84.937,106.438
IBM,76.735,,,79.262,90.734
IBM,69.95800000000001,,,75.56,104.032
IBM,70.108,,,71.46900000000001,95.761
IBM,73.53,,,86.348,78.815
IBM,72.95599999999999,,,69.96900000000001,89.505
IBM,73.11800000000001,,,79.521,137.155
IBM,68.408,,,105.348,87.505
IBM,80.46300000000001,,,84.096,90.739
IBM,73.99600000000001,,,104.84400000000001,68.55
IBM,72.354,,,93.28999999999999,81.765
IBM,78.418,,,80.613,106.051
IBM,70.152,,,90.97,93.53200000000001
IBM,86.347,,,76.13300000000001,90.568
IBM,73.389,,,68.67,122.817
IBM,68.438,,,78.86500000000001,84.172
IBM,69.43599999999999,,,74.188,73.816
IBM,71.222,,,84.82900000000001,90.52000000000001
IBM,82.67099999999999,,,121.211,95.349
IBM,90.073,,,132.28,87.35600000000001
IBM,71.892,,,85.29299999999999,87.2
IBM,65.714,,,84.34400000000001,84.16600000000001
IBM,71.196,,,78.033,89.89999999999999
IBM,74.113,,,116.335,81.71000000000001
IBM,72.21,,,152.905,90.476
IBM,157.778,,,109.8,95.411
IBM,74.09100000000001,,,78.27199999999999,81.33200000000001
IBM,75.834,,,83.668,84.72300000000001
IBM,70.18,,,76.71799999999999,515.6129999999999
IBM,77.362,,,88.575,85.695
IBM,74.652,,,81.01899999999999,88.896
IBM,70.216,,,87.917,84.568
IBM,71.08,,,79.402,136.139
IBM,77.324,,,75.70100000000001,77.364
IBM,72.068,,,84.178,86.10900000000001
IBM,64.488,,,160.477,92.86500000000001
IBM,76.379,,,81.22600000000001,82.40899999999999
IBM,69.123,,,85.556,90.09
IBM,97.053,,,87.699,86.425
IBM,70.98400000000001,,,91.901,90.335
IBM,69.361,,,84.138,88.44399999999999
IBM,67.286,,,91.072,84.948
IBM,73.63799999999999,,,76.92,83.08
IBM,71.595,,,111.65799999999999,84.6
IBM,67.522,,,80.36699999999999,516.6610000000001
IBM,76.967,,,142.411,85.813
IBM,86.313,,,84.82000000000001,144.702
IBM,74.092,,,69.911,92.196
IBM,68.316,,,95.778,87.42999999999999
IBM,69.287,,,147.99499999999998,72.482
IBM,65.346,,,151.85000000000002,109.07
IBM,71.711,,,84.407,77.86800000000001
IBM,75.907,,,99.71,113.454
IBM,72.872,,,91.35300000000001,89.60799999999999
IBM,86.885,,,102.045,82.736
IBM,72.657,,,96.417,79.55
IBM,77.169,,,79.732,76.88300000000001
IBM,72.248,,,129.046,123.393
IBM,69.99,,,148.38899999999998,98.98899999999999
IBM,71.147,,,85.12899999999999,78.428
IBM,135.03699999999998,,,93.202,79.858
IBM,72.57,,,70.955,76.732
IBM,104.478,,,82.17099999999999,84.093
IBM,73.057,,,88.24600000000001,149.785
IBM,85.19699999999999,,,100.135,71.604
IBM,71.673,,,97.235,82.314
IBM,73.867,,,160.75400000000002,109.263
IBM,93.19800000000001,,,85.31,97.32300000000001
IBM,74.396,,,82.823,81.93
IBM,73.957,,,135.867,97.713
IBM,69.84899999999999,,,89.056,119.67899999999999
IBM,70.212,,,85.138,76.268
IBM,65.493,,,87.55799999999999,80.486
IBM,71.165,,,82.292,86.851
IBM,76.783,,,90.101,73.765
IBM,67.155,,,78.22999999999999,73.092
IBM,75.96600000000001,,,77.822,95.62700000000001
IBM,68.00399999999999,,,96.939,86.83200000000001
IBM,69.413,,,66.301,80.797
IBM,77.158,,,167.336,72.227
IBM,74.462,,,85.256,81.92
IBM,73.885,,,203.13,88.92
IBM,74.332,,,81.065,93.348
IBM,71.463,,,80.234,74.762
IBM,73.461,,,87.992,95.389
IBM,76.264,,,83.304,86.025
IBM,86.23400000000001,,,83.051,136.45499999999998
IBM,70.799,,,74.004,123.839
IBM,74.196,,,101.55699999999999,71.66300000000001
IBM,79.58999999999999,,,77.433,93.59
IBM,76.63000000000001,,,123.848,152.15400000000002
IBM,82.88,,,71.34400000000001,78.47
IBM,72.559,,,108.869,86.952
IBM,72.052,,,85.573,86.409
IBM,76.714,,,77.829,73.646
IBM,71.447,,,78.007,85.785
IBM,72.787,,,90.328,95.99000000000001
IBM,76.908,,,113.508,139.975
IBM,70.742,,,91.163,83.463
IBM,67.397,,,108.192,105.676
IBM,69.657,,,79.52,82.309
IBM,79.851,,,89.159,81.927
IBM,73.135,,,79.993,74.67
IBM,71.399,,,81.888,83.83699999999999
IBM,74.661,,,69.226,81.51
IBM,71.647,,,68.10900000000001,80.084
IBM,73.96,,,107.719,83.316
IBM,76.49000000000001,,,198.44,101.83200000000001
IBM,69.488,,,82.00399999999999,80.969
IBM,65.598,,,110.93400000000001,84.985
IBM,66.813,,,100.787,91.59200000000001
IBM,72.009,,,148.592,182.81
IBM,66.628,,,132.92000000000002,82.109
IBM,67.072,,,91.239,87.772
IBM,72.24600000000001,,,125.75,86.205
IBM,70.934,,,75.22099999999999,77.523
IBM,77.03699999999999,,,77.09299999999999,120.717
IBM,66.578,,,83.44600000000001,90.295
IBM,69.48899999999999,,,94.169,92.666
IBM,68.884,,,66.776,82.34700000000001
IBM,75.071,,,123.587,102.58
IBM,79.00200000000001,,,99.38900000000001,133.79399999999998
IBM,69.152,,,96.495,114.691
IBM,80.746,,,82.776,82.949
IBM,74.139,,,95.556,89.887
IBM,69.797,,,131.739,77.027
IBM,74.80199999999999,,,83.49900000000001,81.219
IBM,68.73,,,87.167,82.849
IBM,75.27300000000001,,,78.06299999999999,103.62
IBM,69.948,,,81.989,90.02799999999999
IBM,68.846,,,87.13600000000001,82.22
IBM,71.282,,,88.559,98.51
IBM,67.81,,,83.115,101.31400000000001
IBM,69.81099999999999,,,104.03099999999999,89.77799999999999
IBM,79.27,,,85.68199999999999,74.229
IBM,73.491,,,221.17800000000003,131.986
IBM,73.95400000000001,,,149.055,104.81400000000001
IBM,78.55,,,78.934,89.859
IBM,72.95500000000001,,,80.307,101.495
IBM,71.335,,,81.0,124.52199999999999
IBM,67.301,,,81.637,81.702
IBM,71.618,,,85.018,67.865
IBM,80.071,,,82.719,100.179
IBM,78.001,,,71.256,84.782
IBM,72.608,,,110.447,81.301
IBM,72.806,,,118.313,72.419
IBM,68.486,,,140.148,85.768
IBM,78.68,,,89.735,118.711
IBM,71.414,,,84.638,88.232
IBM,72.20899999999999,,,100.142,79.459
IBM,69.299,,,82.916,89.59599999999999
IBM,68.97,,,80.278,143.959
IBM,74.124,,,78.25999999999999,75.21300000000001
IBM,73.62599999999999,,,140.31199999999998,96.885
IBM,69.71900000000001,,,102.23899999999999,84.04599999999999
IBM,64.402,,,78.168,80.587
IBM,73.24799999999999,,,96.47999999999999,84.87899999999999
IBM,72.28999999999999,,,102.498,521.525
IBM,72.982,,,86.963,96.121
IBM,67.059,,,81.97699999999999,88.734
IBM,67.50399999999999,,,175.887,79.675
IBM,68.07900000000001,,,107.347,92.86999999999999
IBM,65.77199999999999,,,526.066,88.241
IBM,70.655,,,81.77199999999999,93.652
IBM,78.854,,,86.17,82.912
IBM,68.497,,,78.874,78.53699999999999
IBM,73.872,,,81.67399999999999,131.73000000000002
IBM,73.411,,,89.791,89.629
IBM,75.271,,,84.22699999999999,97.494
IBM,74.124,,,94.111,209.60999999999999
IBM,70.377,,,81.657,88.56899999999999
IBM,76.982,,,92.211,80.623
IBM,69.982,,,142.394,82.41
IBM,69.64399999999999,,,123.018,81.807
IBM,67.405,,,81.278,106.533
IBM,68.437,,,89.271,82.932
IBM,77.81299999999999,,,88.228,78.35000000000001
IBM,82.28,,,81.064,91.294
IBM,73.175,,,90.71600000000001,85.674
IBM,71.52799999999999,,,84.286,83.65899999999999
IBM,80.993,,,109.837,83.23400000000001
IBM,76.02000000000001,,,79.579,115.742
IBM,72.517,,,88.57600000000001,80.446
IBM,69.613,,,91.613,88.713
IBM,64.82000000000001,,,77.03699999999999,82.71000000000001
IBM,82.33600000000001,,,73.91799999999999,88.711
IBM,75.284,,,80.188,80.081
IBM,70.263,,,130.58700000000002,81.701
IBM,73.389,,,131.086,80.801
IBM,77.392,,,67.515,71.70100000000001
IBM,68.106,,,90.949,70.13600000000001
IBM,70.54100000000001,,,89.94000000000001,79.444
IBM,71.809,,,73.15299999999999,80.251
IBM,79.38499999999999,,,95.913,171.947
IBM,77.894,,,102.602,102.639
IBM,70.45899999999999,,,88.57,81.732
IBM,70.532,,,87.619,90.37100000000001
IBM,72.437,,,85.995,145.642
IBM,75.446,,,83.586,93.637
IBM,75.154,,,100.09,75.119
IBM,66.708,,,179.99,82.65899999999999
IBM,81.633,,,109.936,78.44800000000001
IBM,70.76599999999999,,,119.583,172.13600000000002
IBM,71.80300000000001,,,83.57000000000001,728.1990000000001
IBM,74.547,,,91.209,83.289
IBM,66.48700000000001,,,100.612,104.068
IBM,69.711,,,81.557,538.989
IBM,71.283,,,85.64099999999999,91.703
IBM,75.37299999999999,,,83.387,82.853
IBM,68.15,,,96.50200000000001,141.736
IBM,79.016,,,72.291,85.27
IBM,72.42999999999999,,,92.824,85.888
IBM,72.911,,,94.05,97.573
IBM,77.95100000000001,,,77.413,95.82300000000001
IBM,69.498,,,84.505,84.892
IBM,71.79599999999999,,,99.871,87.552
IBM,74.092,,,65.57300000000001,99.57100000000001
IBM,77.695,,,81.80999999999999,82.108
IBM,71.517,,,102.6,75.904
IBM,73.307,,,95.776,79.545
IBM,68.221,,,113.298,91.475
IBM,77.293,,,76.069,101.163
IBM,66.81700000000001,,,74.69000000000001,85.149
IBM,73.385,,,84.81,87.947
IBM,69.91600000000001,,,120.082,133.59699999999998
IBM,65.68599999999999,,,98.833,520.301
IBM,71.705,,,84.798,130.76399999999998
IBM,77.53599999999999,,,84.60900000000001,93.965
IBM,69.22300000000001,,,81.988,90.14
IBM,70.389,,,112.743,92.67699999999999
IBM,70.279,,,85.01599999999999,91.074
IBM,73.938,,,82.978,86.30799999999999
IBM,74.47,,,81.838,84.997
IBM,68.626,,,85.26,86.72
IBM,72.257,,,75.828,133.803
IBM,73.434,,,80.21499999999999,85.91600000000001
IBM,72.259,,,114.069,95.54
IBM,72.116,,,89.95599999999999,99.191
IBM,76.33800000000001,,,151.67,89.578
IBM,73.66,,,83.189,91.95200000000001
IBM,76.86800000000001,,,84.243,90.02
IBM,69.363,,,93.127,84.554
IBM,72.687,,,82.403,162.237
IBM,68.938,,,67.485,72.112
IBM,74.257,,,141.65900000000002,77.377
IBM,72.024,,,82.997,130.049
IBM,79.384,,,193.187,80.226
IBM,92.59100000000001,,,83.439,87.43299999999999
IBM,67.427,,,80.94,78.321
IBM,69.16600000000001,,,81.666,76.38799999999999
IBM,73.95,,,72.51,73.37
IBM,70.95700000000001,,,88.698,87.17800000000001
IBM,70.122,,,82.777,79.977
IBM,68.65599999999999,,,87.071,79.649
IBM,70.75099999999999,,,83.84700000000001,83.178
IBM,67.203,,,67.125,85.396
IBM,78.712,,,75.355,86.037
IBM,72.67999999999999,,,123.709,147.036
IBM,68.843,,,80.913,152.958
IBM,66.813,,,78.11800000000001,80.719
IBM,65.753,,,86.33200000000001,194.095
IBM,75.139,,,76.70100000000001,136.448
IBM,70.872,,,96.389,113.277
IBM,70.935,,,85.205,81.474
IBM,72.7,,,81.589,216.226
IBM,76.64500000000001,,,83.425,93.046
IBM,71.222,,,82.29,90.913
IBM,75.476,,,85.304,83.12400000000001
IBM,69.603,,,82.163,82.327
IBM,86.021,,,79.161,84.425
IBM,69.0,,,133.043,119.61
IBM,73.781,,,81.65400000000001,74.98
IBM,73.167,,,83.07100000000001,79.21000000000001
IBM,73.015,,,80.71000000000001,77.222
IBM,80.251,,,84.36,87.237
IBM,76.563,,,159.218,100.63
IBM,69.25,,,82.483,80.058
IBM,73.197,,,73.62599999999999,91.491
IBM,113.423,,,95.32400000000001,73.937
IBM,67.176,,,132.716,149.165
IBM,67.82000000000001,,,81.595,83.553
IBM,83.493,,,111.876,84.53
IBM,135.749,,,88.05,80.486
IBM,71.244,,,101.898,590.38
IBM,65.479,,,84.132,79.567
IBM,76.34,,,88.184,85.7
IBM,72.302,,,89.14800000000001,112.396
IBM,72.11,,,106.44800000000001,68.19200000000001
IBM,70.663,,,80.631,67.381
IBM,70.137,,,88.97,116.18299999999999
IBM,77.761,,,96.393,79.803
IBM,76.475,,,77.627,68.351
IBM,70.102,,,83.555,81.009
IBM,73.019,,,96.03,110.472
IBM,71.31,,,80.751,81.023
IBM,73.11,,,78.756,84.485
IBM,70.937,,,88.995,88.367
IBM,80.378,,,89.393,95.893
IBM,76.518,,,116.735,89.973
IBM,69.20800000000001,,,97.64200000000001,99.36
IBM,70.133,,,78.237,103.302
IBM,75.49,,,72.682,73.196
IBM,72.912,,,80.144,84.617
IBM,72.217,,,78.81299999999999,76.227
IBM,67.397,,,145.701,120.42899999999999
IBM,68.194,,,86.04199999999999,82.23
IBM,70.565,,,82.164,90.16399999999999
IBM,71.253,,,106.92,102.073
IBM,73.012,,,81.27,103.95100000000001
IBM,68.645,,,84.503,79.221
IBM,72.772,,,105.12100000000001,136.322
IBM,75.666,,,80.03699999999999,101.507
IBM,71.979,,,89.764,85.737
IBM,68.738,,,95.39699999999999,115.398
IBM,74.256,,,116.968,67.146
IBM,66.947,,,82.68100000000001,81.088
IBM,70.274,,,117.343,84.411
IBM,74.756,,,73.727,112.689
IBM,79.873,,,88.557,93.64999999999999
IBM,76.25,,,89.572,513.649
IBM,69.835,,,85.49900000000001,78.476
IBM,67.62899999999999,,,93.484,87.241
IBM,81.22200000000001,,,80.997,81.07300000000001
IBM,69.201,,,117.205,84.065
IBM,68.959,,,77.989,106.10600000000001
IBM,69.617,,,102.301,89.66300000000001
IBM,74.31,,,96.29899999999999,75.173
IBM,73.902,,,89.58099999999999,81.164
IBM,67.563,,,108.97900000000001,93.83
IBM,73.568,,,125.692,78.871
IBM,71.525,,,187.859,105.609
IBM,69.243,,,76.622,150.844
IBM,70.726,,,84.328,90.412
IBM,77.00500000000001,,,84.09800000000001,82.843
IBM,68.797,,,85.06,85.56
IBM,75.347,,,117.60600000000001,82.917
IBM,72.55300000000001,,,103.395,129.69400000000002
IBM,74.343,,,92.554,87.77600000000001
IBM,70.081,,,83.542,80.72699999999999
IBM,67.976,,,81.168,88.64
IBM,75.02499999999999,,,81.888,120.19399999999999
IBM,82.36699999999999,,,74.901,112.329
IBM,85.312,,,75.68900000000001,82.858
IBM,75.061,,,124.07700000000001,83.34700000000001
IBM,70.43599999999999,,,94.556,81.506
IBM,69.34800000000001,,,80.33800000000001,130.749
IBM,70.924,,,116.069,88.80799999999999
IBM,73.64,,,92.721,83.189
IBM,71.97099999999999,,,88.114,85.06400000000001
IBM,68.67099999999999,,,88.474,527.525
IBM,77.104,,,81.77,78.679
IBM,82.964,,,89.162,126.28900000000002
IBM,66.021,,,85.662,119.488
IBM,81.62700000000001,,,181.04799999999997,91.21600000000001
IBM,97.286,,,87.054,86.255
IBM,67.858,,,87.515,99.133
IBM,72.71600000000001,,,93.561,261.28000000000003
IBM,71.702,,,82.315,82.97200000000001
IBM,75.35,,,85.717,96.875
IBM,66.588,,,85.024,562.804
IBM,71.64,,,119.28999999999999,96.971
IBM,101.03099999999999,,,128.537,69.412
IBM,65.861,,,91.967,505.4
IBM,70.465,,,86.009,89.06
IBM,69.368,,,133.438,138.73499999999999
IBM,66.607,,,82.415,81.328
IBM,90.30199999999999,,,86.534,78.888
IBM,71.22399999999999,,,81.348,91.375
IBM,67.516,,,103.58399999999999,84.948
IBM,73.25,,,140.34099999999998,75.783
IBM,77.68799999999999,,,87.137,87.52300000000001
IBM,69.65899999999999,,,83.063,109.55199999999999
IBM,70.143,,,132.94400000000002,133.75500000000002
IBM,73.54299999999999,,,78.664,86.725
IBM,73.99600000000001,,,81.116,82.40899999999999
IBM,101.12100000000001,,,81.69200000000001,85.885
IBM,71.907,,,86.65,77.80499999999999
IBM,69.21199999999999,,,89.785,78.14200000000001
IBM,75.901,,,96.094,139.879
IBM,65.516,,,112.326,87.772
IBM,75.615,,,84.589,77.644
IBM,72.547,,,91.283,92.59100000000001
IBM,73.47099999999999,,,86.95,546.37
IBM,67.405,,,86.963,83.417
IBM,84.907,,,97.088,106.712
IBM,79.064,,,84.78,134.814
IBM,73.7,,,118.271,93.936
IBM,71.467,,,78.39699999999999,105.686
IBM,66.77900000000001,,,95.88199999999999,140.096
IBM,72.967,,,82.543,83.87
IBM,73.29299999999999,,,150.792,82.565
IBM,71.273,,,107.742,84.26400000000001
IBM,68.40100000000001,,,107.429,99.90400000000001
IBM,72.566,,,90.49799999999999,84.71900000000001
IBM,67.68100000000001,,,79.875,79.913
IBM,76.179,,,82.422,89.40299999999999
IBM,70.04299999999999,,,76.068,82.348
IBM,72.337,,,83.94500000000001,85.348
IBM,75.63499999999999,,,84.584,105.66799999999999
IBM,73.47099999999999,,,75.098,108.306
IBM,69.576,,,79.942,647.5640000000001
IBM,75.821,,,148.037,84.495
IBM,68.733,,,73.384,83.038
IBM,92.032,,,89.582,167.49800000000002
IBM,73.921,,,93.779,79.494
IBM,80.368,,,82.135,76.91099999999999
IBM,69.51899999999999,,,85.147,85.929
IBM,66.091,,,90.212,122.643
IBM,70.267,,,92.193,73.942
IBM,74.94000000000001,,,79.149,88.476
IBM,74.75800000000001,,,77.972,181.25
IBM,88.117,,,80.321,89.306
IBM,70.009,,,127.254,99.04599999999999
IBM,67.23,,,114.37700000000001,127.966
IBM,67.304,,,91.859,76.101
IBM,73.363,,,90.924,153.169
IBM,73.646,,,76.065,83.303
IBM,71.025,,,75.599,100.333
IBM,74.71300000000001,,,90.19099999999999,91.432
IBM,68.336,,,128.56799999999998,90.468
IBM,70.12400000000001,,,88.889,84.88999999999999
IBM,79.626,,,96.304,89.078
IBM,76.09100000000001,,,82.023,75.339
IBM,76.99300000000001,,,79.917,83.785
IBM,92.649,,,74.90299999999999,155.75900000000001
IBM,71.337,,,84.36200000000001,71.86
IBM,82.848,,,125.76599999999999,81.536
IBM,115.877,,,83.21900000000001,84.638
IBM,72.566,,,82.302,101.115
IBM,68.262,,,86.40299999999999,83.482
IBM,69.571,,,213.815,90.803
IBM,68.503,,,82.22200000000001,526.511
IBM,70.51100000000001,,,80.93599999999999,91.14800000000001
IBM,77.186,,,81.87899999999999,100.69
IBM,111.774,,,125.84500000000001,87.54
IBM,91.409,,,161.82399999999998,97.068
IBM,67.788,,,109.217,74.524
IBM,69.508,,,95.72500000000001,121.16799999999999
IBM,69.417,,,88.983,159.57
IBM,82.17399999999999,,,84.22,105.777
IBM,68.245,,,152.342,72.316
IBM,95.728,,,81.16199999999999,72.813
IBM,73.515,,,167.95499999999998,69.146
IBM,64.596,,,82.422,78.701
IBM,71.20700000000001,,,90.342,105.37
IBM,74.60799999999999,,,86.22399999999999,74.43299999999999
IBM,67.38900000000001,,,84.28099999999999,153.474
IBM,72.42099999999999,,,93.21000000000001,89.26
IBM,79.11999999999999,,,66.573,171.402
IBM,75.102,,,140.769,101.11
IBM,68.732,,,96.901,102.143
IBM,75.38799999999999,,,85.434,81.437
IBM,64.88,,,86.076,81.72500000000001
IBM,79.28699999999999,,,88.73,88.037
IBM,68.76899999999999,,,72.118,84.384
IBM,121.553,,,79.262,99.334
IBM,66.965,,,80.107,76.406
IBM,70.175,,,85.581,144.563
IBM,68.074,,,76.489,93.652
IBM,67.67099999999999,,,83.417,85.77
IBM,72.884,,,82.166,83.341
IBM,136.467,,,92.355,88.96600000000001
IBM,74.29299999999999,,,92.146,94.77199999999999
IBM,72.30799999999999,,,197.39200000000002,88.232
IBM,115.125,,,87.362,85.70400000000001
IBM,65.342,,,96.403,95.55199999999999
IBM,74.7,,,94.904,84.448
IBM,77.71799999999999,,,96.804,73.26299999999999
IBM,77.521,,,88.5,103.728
IBM,83.615,,,82.437,83.46199999999999
IBM,80.723,,,85.892,78.681
IBM,74.55000000000001,,,80.72500000000001,86.04199999999999
IBM,72.363,,,172.511,223.64800000000002
IBM,69.875,,,96.736,97.827
IBM,68.241,,,84.946,96.64399999999999
IBM,74.047,,,110.045,85.13900000000001
IBM,72.627,,,125.467,83.058
IBM,68.691,,,122.88799999999999,74.516
IBM,78.681,,,92.94800000000001,75.20599999999999
IBM,68.42,,,69.49600000000001,87.23100000000001
IBM,79.093,,,98.22500000000001,79.031
IBM,71.30799999999999,,,140.19,84.711
IBM,72.475,,,76.303,102.471
IBM,73.127,,,100.149,90.515
IBM,71.158,,,90.477,89.717
IBM,76.20200000000001,,,114.93599999999999,109.53200000000001
IBM,70.9,,,87.085,80.883
IBM,77.121,,,72.173,540.403
IBM,72.15,,,87.575,95.139
IBM,74.1,,,85.58200000000001,81.398
IBM,71.96900000000001,,,108.916,83.562
IBM,71.975,,,88.39,122.13499999999999
IBM,70.549,,,78.656,195.326
IBM,70.303,,,125.04,118.306
IBM,73.46900000000001,,,90.054,84.372
IBM,81.356,,,124.833,73.764
IBM,70.519,,,83.079,84.618
IBM,74.1,,,109.25500000000001,541.907
IBM,71.471,,,80.739,75.855
IBM,73.647,,,119.302,99.786
IBM,76.321,,,84.676,94.856
IBM,76.083,,,92.831,76.91199999999999
IBM,74.037,,,82.239,88.565
IBM,70.551,,,94.193,95.281
IBM,79.83800000000001,,,86.112,70.565
IBM,68.297,,,79.687,82.383
IBM,81.055,,,81.06700000000001,515.598
IBM,71.255,,,77.89699999999999,92.217
IBM,74.327,,,137.583,540.9620000000001
IBM,71.52,,,156.643,130.841
IBM,70.585,,,113.143,102.449
IBM,72.077,,,82.262,94.587
IBM,71.301,,,85.021,116.41
IBM,73.676,,,79.976,128.463
IBM,72.974,,,95.291,78.002
IBM,69.38,,,84.461,91.28999999999999
IBM,71.532,,,133.873,92.685
IBM,69.988,,,82.62,81.328
IBM,71.739,,,87.062,87.517
IBM,75.43900000000001,,,83.95700000000001,126.253
IBM,78.472,,,106.894,146.44899999999998
IBM,72.539,,,78.5,85.08300000000001
IBM,72.13600000000001,,,80.751,75.54299999999999
IBM,72.19399999999999,,,80.44900000000001,83.64099999999999
IBM,73.55499999999999,,,76.62299999999999,90.24799999999999
IBM,66.86699999999999,,,111.898,91.345
IBM,72.99300000000001,,,87.949,73.774
IBM,76.36,,,79.087,86.612
IBM,72.214,,,93.644,85.756
IBM,71.326,,,80.263,157.526
IBM,73.774,,,84.45400000000001,86.577
IBM,81.607,,,85.466,137.088
IBM,120.529,,,85.184,82.758
IBM,76.419,,,86.062,102.504
IBM,70.994,,,121.402,83.00699999999999
IBM,72.147,,,72.28999999999999,79.466
IBM,77.24799999999999,,,154.362,132.957
IBM,75.214,,,81.43499999999999,87.235
IBM,70.006,,,99.077,85.585
IBM,77.107,,,120.938,77.065
IBM,76.776,,,82.29,99.01899999999999
IBM,78.932,,,102.904,106.286
IBM,65.931,,,84.35,81.135
IBM,90.95599999999999,,,90.655,78.913
IBM,68.048,,,161.18699999999998,86.964
IBM,75.167,,,76.065,96.334
IBM,67.771,,,88.184,98.043
IBM,103.989,,,81.35199999999999,79.15899999999999
IBM,72.518,,,87.202,77.409
IBM,69.79599999999999,,,80.015,83.503
IBM,74.13799999999999,,,92.803,94.946
IBM,71.65100000000001,,,125.92999999999999,131.463
IBM,67.82100000000001,,,102.06400000000001,109.107
IBM,76.114,,,100.873,71.658
IBM,71.217,,,83.108,106.13499999999999
IBM,76.819,,,116.755,83.69500000000001
IBM,75.02799999999999,,,156.51000000000002,77.663
IBM,73.80799999999999,,,86.51599999999999,85.084
IBM,68.426,,,105.33,95.19900000000001
IBM,71.804,,,91.35,80.746
IBM,75.762,,,88.203,86.669
IBM,77.748,,,96.084,112.929
IBM,88.775,,,86.676,109.5
IBM,72.825,,,170.443,75.445
IBM,73.31400000000001,,,113.027,87.48599999999999
IBM,70.03,,,84.714,87.488
IBM,79.25,,,74.30799999999999,89.267
IBM,83.368,,,121.00800000000001,146.393
IBM,66.849,,,78.019,104.76100000000001
IBM,72.765,,,82.88,98.814
IBM,127.64800000000001,,,167.473,83.75399999999999
IBM,67.573,,,91.304,81.593
IBM,78.206,,,80.278,82.876
IBM,73.348,,,87.726,88.732
IBM,67.93100000000001,,,88.835,92.026
IBM,74.037,,,86.973,82.175
IBM,67.805,,,78.171,97.134
IBM,68.965,,,110.069,93.262
IBM,66.616,,,97.916,78.60499999999999
IBM,74.659,,,89.037,115.853
IBM,71.58200000000001,,,78.00999999999999,103.002
IBM,69.892,,,93.261,70.26899999999999
IBM,88.55799999999999,,,71.255,73.55799999999999
IBM,70.98599999999999,,,92.311,107.433
IBM,76.526,,,101.03399999999999,81.054
IBM,67.997,,,83.357,131.889
IBM,72.985,,,115.512,87.662
IBM,74.958,,,88.833,78.32300000000001
IBM,66.724,,,114.54400000000001,91.048
IBM,70.27799999999999,,,123.212,79.185
IBM,67.261,,,83.356,87.604
IBM,68.884,,,81.531,81.304
IBM,69.477,,,103.899,86.282
IBM,71.184,,,143.611,83.715
IBM,73.449,,,86.118,127.804
IBM,72.407,,,214.344,82.319
IBM,76.08099999999999,,,106.94099999999999,86.899
IBM,75.35799999999999,,,76.28,82.803
IBM,75.491,,,80.17,90.901
IBM,72.78800000000001,,,81.67399999999999,83.47
IBM,66.588,,,96.85000000000001,83.066
IBM,71.294,,,80.983,93.252
IBM,69.331,,,77.57,99.206
IBM,66.717,,,84.233,93.443
IBM,88.49300000000001,,,83.32000000000001,92.26299999999999
IBM,77.242,,,83.68299999999999,68.07100000000001
IBM,85.19,,,145.286,79.544
IBM,77.64999999999999,,,85.00099999999999,93.416
IBM,70.619,,,127.85,93.57000000000001
IBM,70.65599999999999,,,83.646,79.819
IBM,84.15899999999999,,,93.529,82.415
IBM,73.535,,,77.60400000000001,183.296
IBM,71.42800000000001,,,67.932,85.085
IBM,68.64099999999999,,,84.551,92.97500000000001
IBM,74.265,,,107.39999999999999,82.47500000000001
IBM,72.44,,,91.967,85.105
IBM,71.298,,,82.72500000000001,98.3
IBM,67.7,,,78.748,90.65299999999999
IBM,66.304,,,119.318,97.244
IBM,68.865,,,82.189,124.458
IBM,71.93299999999999,,,98.25699999999999,83.789
IBM,73.85799999999999,,,84.142,106.577
IBM,68.985,,,105.372,84.106
IBM,78.825,,,84.513,89.694
IBM,68.86200000000001,,,83.104,81.03
IBM,71.217,,,81.955,84.54
IBM,68.095,,,86.56800000000001,86.227
IBM,69.82199999999999,,,128.765,83.896
IBM,67.607,,,107.57,85.68900000000001
IBM,189.416,,,90.60600000000001,105.173
IBM,68.392,,,85.777,128.773
IBM,75.769,,,83.155,89.99600000000001
IBM,74.655,,,81.555,89.68299999999999
IBM,69.434,,,85.262,95.32300000000001
IBM,74.207,,,73.175,84.22399999999999
IBM,72.588,,,88.15,83.349
IBM,79.39699999999999,,,87.84400000000001,88.474
IBM,71.601,,,87.019,81.527
IBM,78.933,,,163.053,78.77000000000001
IBM,77.406,,,90.625,110.803
IBM,74.696,,,85.941,98.43100000000001
IBM,71.619,,,71.138,99.351
IBM,73.534,,,69.054,95.347
IBM,71.144,,,134.629,77.306
IBM,75.00999999999999,,,155.578,76.079
IBM,74.399,,,91.543,86.402
IBM,73.781,,,82.12400000000001,84.523
IBM,69.778,,,535.34,83.78399999999999
IBM,76.57300000000001,,,82.50200000000001,95.137
IBM,77.249,,,74.759,65.932
IBM,67.37400000000001,,,212.751,86.27
IBM,71.59400000000001,,,94.125,83.42099999999999
IBM,74.282,,,173.194,90.409
IBM,73.312,,,97.934,87.55300000000001
IBM,68.275,,,116.703,99.856
IBM,73.71600000000001,,,76.7,148.46300000000002
IBM,71.514,,,67.79599999999999,83.12700000000001
IBM,74.384,,,81.91900000000001,82.8
IBM,70.554,,,107.52000000000001,88.49600000000001
IBM,131.463,,,77.207,162.69400000000002
IBM,70.39,,,96.732,79.491
IBM,78.139,,,96.84700000000001,83.36399999999999
IBM,74.26,,,88.698,93.789
IBM,85.15,,,88.174,85.665
IBM,71.324,,,95.707,88.709
IBM,70.012,,,90.419,78.99000000000001
IBM,69.527,,,79.086,89.46
IBM,75.294,,,94.314,78.294
IBM,77.072,,,86.013,94.254
IBM,67.33699999999999,,,95.25699999999999,89.223
IBM,91.765,,,92.458,132.569
IBM,72.557,,,101.431,73.551
IBM,75.363,,,87.37,76.761
IBM,71.923,,,115.9,163.66
IBM,70.633,,,88.67,71.188
IBM,73.62,,,84.33699999999999,81.64399999999999
IBM,72.191,,,88.353,529.961
IBM,68.818,,,139.388,94.104
IBM,73.143,,,89.427,87.097
IBM,71.283,,,139.106,81.438
IBM,72.15599999999999,,,82.851,90.097
IBM,74.828,,,119.3,92.554
IBM,72.777,,,80.179,85.049
IBM,66.003,,,159.878,75.386
IBM,74.5,,,82.81700000000001,78.634
IBM,78.472,,,84.93,91.321
IBM,77.60000000000001,,,102.31700000000001,86.941
IBM,70.06700000000001,,,137.19400000000002,81.281
IBM,219.076,,,778.712,1332.78
IBM,71.862,,,78.705,86.40100000000001
IBM,77.765,,,111.477,83.439
IBM,82.07000000000001,,,82.542,146.583
IBM,66.943,,,82.95,83.482
IBM,68.83200000000001,,,172.525,80.13199999999999
IBM,68.92099999999999,,,82.59,97.33200000000001
IBM,92.30099999999999,,,185.588,79.71300000000001
IBM,73.241,,,73.99600000000001,67.884
IBM,74.062,,,85.801,69.95700000000001
IBM,66.402,,,150.68699999999998,69.725
IBM,71.09400000000001,,,75.696,79.88000000000001
IBM,69.575,,,80.58999999999999,86.179
IBM,71.211,,,137.86100000000002,70.674
IBM,78.18700000000001,,,80.836,76.759
IBM,68.37899999999999,,,79.671,86.895
IBM,70.753,,,85.19,102.48400000000001
IBM,67.588,,,76.667,80.74000000000001
IBM,69.809,,,100.407,87.712
IBM,71.759,,,101.008,80.851
IBM,84.76100000000001,,,100.215,90.378
IBM,67.74199999999999,,,173.003,83.26400000000001
IBM,75.132,,,81.947,91.188
IBM,88.03999999999999,,,125.48599999999999,119.393
IBM,84.69699999999999,,,83.606,157.079
IBM,70.464,,,103.806,77.60300000000001
IBM,69.387,,,80.998,83.99
IBM,67.588,,,97.451,153.616
IBM,105.225,,,81.43499999999999,131.61100000000002
IBM,70.619,,,89.212,125.53900000000002
IBM,73.162,,,88.521,80.711
IBM,72.35,,,82.44200000000001,198.06099999999998
IBM,87.134,,,89.6,84.654
IBM,77.762,,,111.925,82.342
IBM,76.57300000000001,,,90.336,86.497
IBM,76.663,,,81.748,77.639
IBM,73.03999999999999,,,87.507,83.54499999999999
IBM,69.915,,,86.78099999999999,78.443
IBM,75.09200000000001,,,129.165,85.00399999999999
IBM,71.647,,,98.604,78.83800000000001
IBM,68.596,,,132.14999999999998,63.269000000000005
IBM,73.245,,,142.517,83.251
IBM,72.937,,,83.11699999999999,82.276
IBM,71.27799999999999,,,89.86099999999999,87.899
IBM,68.278,,,71.90599999999999,94.127
IBM,72.854,,,83.232,82.187
IBM,72.572,,,89.24,94.857
IBM,74.104,,,139.961,158.584
IBM,71.077,,,81.47600000000001,80.749
IBM,72.92899999999999,,,94.638,80.53
IBM,71.64099999999999,,,74.751,89.027
IBM,75.91199999999999,,,82.286,96.188
IBM,68.912,,,79.14200000000001,520.0930000000001
IBM,66.176,,,75.132,179.165
IBM,72.619,,,103.244,80.379
IBM,73.11800000000001,,,81.14399999999999,94.19500000000001
IBM,67.741,,,98.122,75.918
IBM,70.91300000000001,,,71.882,80.254
IBM,79.296,,,83.213,87.35600000000001
IBM,78.418,,,85.024,80.25699999999999
IBM,73.463,,,79.389,84.11399999999999
IBM,67.61699999999999,,,80.512,77.31200000000001
IBM,76.903,,,83.997,88.44
IBM,73.20599999999999,,,82.61699999999999,104.66
IBM,71.842,,,74.592,83.647
IBM,74.524,,,134.47799999999998,95.055
IBM,67.81700000000001,,,103.785,81.05900000000001
IBM,78.14,,,93.212,219.89600000000002
IBM,68.00200000000001,,,78.536,105.33800000000001
IBM,77.601,,,98.345,141.91799999999998
IBM,71.67099999999999,,,98.263,111.21499999999999
IBM,116.913,,,80.444,83.50399999999999
IBM,69.422,,,82.844,83.297
IBM,72.122,,,236.967,95.207
IBM,71.078,,,148.714,77.64999999999999
IBM,67.94699999999999,,,189.63,83.5
IBM,69.069,,,80.978,95.805
IBM,65.564,,,104.911,86.63
IBM,68.292,,,82.226,77.06200000000001
IBM,73.171,,,86.714,82.364
IBM,78.568,,,92.941,77.013
IBM,69.826,,,81.574,65.613
IBM,67.521,,,89.389,92.507
IBM,73.06500000000001,,,81.361,81.03299999999999
IBM,70.3,,,113.496,82.265
IBM,67.342,,,89.677,88.655
IBM,90.866,,,118.925,88.347
IBM,73.972,,,86.718,79.844
IBM,71.116,,,77.723,205.525
IBM,77.071,,,160.3,77.185
IBM,68.7,,,95.85499999999999,80.03699999999999
IBM,77.27499999999999,,,111.891,72.539
IBM,68.607,,,125.886,95.19800000000001
IBM,92.12299999999999,,,81.306,81.652
IBM,72.17,,,83.001,94.14500000000001
IBM,70.637,,,134.47899999999998,84.46199999999999
IBM,75.973,,,87.07900000000001,87.17
IBM,68.57900000000001,,,92.942,83.713
IBM,73.585,,,93.058,81.10100000000001
IBM,74.61800000000001,,,88.729,148.44299999999998
IBM,74.424,,,131.95299999999997,172.148
IBM,69.34,,,144.642,99.84899999999999
IBM,83.464,,,145.95,96.103
IBM,69.805,,,85.147,111.401
IBM,66.87899999999999,,,79.68799999999999,81.60100000000001
IBM,72.17800000000001,,,91.714,101.03399999999999
IBM,65.899,,,88.012,72.022
IBM,69.76,,,108.49499999999999,84.685
IBM,71.405,,,86.302,528.512
IBM,75.335,,,109.777,182.65400000000002
IBM,89.162,,,80.591,77.17599999999999
IBM,80.469,,,97.672,84.96900000000001
IBM,75.238,,,98.233,125.60499999999999
IBM,69.623,,,94.75699999999999,84.23899999999999
IBM,67.006,,,84.43900000000001,85.905
IBM,74.14800000000001,,,75.98,80.97699999999999
IBM,73.347,,,87.42,89.82
IBM,70.158,,,77.197,86.896
IBM,71.667,,,85.85900000000001,78.278
IBM,67.996,,,132.614,85.077
IBM,75.666,,,88.747,103.801
IBM,75.897,,,81.40400000000001,95.931
IBM,68.97699999999999,,,159.28,84.497
IBM,71.54599999999999,,,98.83200000000001,154.836
IBM,83.846,,,73.08099999999999,104.976
IBM,67.111,,,124.906,104.79299999999999
IBM,74.53,,,78.16,108.81
IBM,67.631,,,83.057,79.709
IBM,81.78399999999999,,,81.396,84.898
IBM,74.58800000000001,,,88.03999999999999,89.509
IBM,71.36399999999999,,,86.22,80.848
IBM,68.126,,,161.77700000000002,126.90199999999999
IBM,70.722,,,84.303,89.595
IBM,66.015,,,82.03,98.982
IBM,70.455,,,79.94500000000001,102.339
IBM,70.30799999999999,,,97.816,81.86
IBM,67.93100000000001,,,140.678,157.446
IBM,76.673,,,91.99799999999999,80.576
IBM,72.188,,,86.644,178.689
IBM,70.826,,,84.33,85.155
IBM,132.274,,,83.584,94.265
IBM,68.297,,,78.94900000000001,198.16400000000002
IBM,70.52,,,84.15400000000001,118.52799999999999
IBM,69.552,,,115.928,97.473
IBM,71.66799999999999,,,103.801,90.827
IBM,67.91999999999999,,,80.676,88.499
IBM,67.939,,,216.65300000000002,71.09899999999999
IBM,68.621,,,151.476,83.224
IBM,131.008,,,89.051,126.863
IBM,81.29899999999999,,,75.312,158.729
IBM,75.891,,,80.208,96.99199999999999
IBM,67.10000000000001,,,95.344,88.664
IBM,74.533,,,81.50200000000001,107.031
IBM,68.601,,,76.449,78.381
IBM,90.644,,,84.11699999999999,83.166
IBM,71.074,,,98.508,129.839
IBM,70.059,,,86.94300000000001,105.729
IBM,116.11,,,85.47,81.374
IBM,72.60900000000001,,,84.827,79.352
IBM,75.147,,,87.92999999999999,85.37899999999999
IBM,72.785,,,83.505,85.61
IBM,72.86099999999999,,,82.513,76.421
IBM,95.031,,,164.076,82.091
IBM,71.706,,,78.961,86.536
IBM,69.714,,,85.258,80.80199999999999
IBM,112.568,,,162.612,107.10799999999999
IBM,103.05799999999999,,,89.295,92.435
IBM,72.931,,,77.609,81.998
IBM,74.16,,,78.21799999999999,83.801
IBM,74.58,,,88.707,90.18299999999999
IBM,68.607,,,118.967,128.678
IBM,77.789,,,89.337,83.209
IBM,73.62599999999999,,,96.428,88.95400000000001
IBM,69.595,,,89.84599999999999,80.729
IBM,112.751,,,109.17699999999999,198.237
IBM,74.303,,,84.408,562.967
IBM,76.24799999999999,,,78.083,98.35000000000001
IBM,87.28800000000001,,,90.562,88.635
IBM,66.058,,,134.854,105.386
IBM,77.721,,,87.103,80.496
IBM,79.734,,,79.28200000000001,96.961
IBM,73.322,,,86.09,76.359
IBM,129.41,,,143.111,85.137
IBM,71.795,,,74.17999999999999,83.078
IBM,74.302,,,97.151,83.43100000000001
IBM,82.103,,,130.312,73.932
IBM,71.426,,,80.029,81.545
IBM,69.105,,,87.18900000000001,81.872
IBM,68.82000000000001,,,80.672,124.681
IBM,75.13499999999999,,,117.056,70.235
IBM,77.54700000000001,,,115.658,93.387
IBM,83.039,,,90.265,96.44500000000001
IBM,115.267,,,84.18,94.556
IBM,70.591,,,81.488,76.35300000000001
IBM,85.275,,,81.746,103.774
IBM,74.382,,,98.551,84.744
IBM,73.041,,,180.91199999999998,88.585
IBM,74.687,,,82.032,613.3720000000001
IBM,70.514,,,78.64599999999999,88.45899999999999
IBM,76.526,,,97.931,113.19999999999999
IBM,70.41799999999999,,,93.749,78.59299999999999
IBM,71.117,,,94.634,75.92
IBM,71.772,,,120.301,85.248
IBM,143.357,,,73.167,507.27500000000003
IBM,70.09,,,84.94,85.1
IBM,68.69200000000001,,,126.67999999999999,99.608
IBM,72.191,,,82.778,82.69600000000001
IBM,74.369,,,76.321,248.728
IBM,83.383,,,67.93100000000001,182.778
IBM,67.679,,,92.679,71.06099999999999
IBM,76.66000000000001,,,113.205,73.461
IBM,66.76899999999999,,,75.299,182.884
IBM,66.66999999999999,,,173.459,89.34
IBM,77.66099999999999,,,78.334,120.1
IBM,76.876,,,84.013,96.693
IBM,77.696,,,96.64699999999999,87.72399999999999
IBM,66.15400000000001,,,201.177,75.003
IBM,70.343,,,89.13600000000001,181.79799999999997
IBM,67.80600000000001,,,131.26299999999998,85.507
IBM,74.89500000000001,,,147.061,690.843
IBM,88.725,,,81.816,92.788
IBM,76.23299999999999,,,300.188,101.846
IBM,70.93,,,82.221,90.75
IBM,71.64800000000001,,,89.199,106.271
IBM,71.169,,,92.001,114.09
IBM,70.279,,,87.57900000000001,96.76899999999999
IBM,68.32199999999999,,,136.789,90.067
IBM,73.557,,,147.455,111.614
IBM,84.574,,,83.059,71.31400000000001
IBM,71.602,,,90.75,88.18299999999999
IBM,78.28999999999999,,,87.232,95.968
IBM,80.76899999999999,,,144.044,88.664
IBM,73.965,,,134.613,81.615
IBM,71.102,,,101.863,95.041
IBM,74.615,,,90.28,86.544
IBM,83.876,,,105.292,147.218
IBM,68.43100000000001,,,77.91,84.7
IBM,72.417,,,78.04700000000001,124.723
IBM,80.626,,,74.156,79.411
IBM,66.39399999999999,,,85.35,110.94
IBM,79.379,,,138.827,88.86099999999999
IBM,69.774,,,85.619,79.86
IBM,70.446,,,84.649,85.853
IBM,66.709,,,99.709,83.938
IBM,71.325,,,98.074,82.61699999999999
IBM,74.787,,,83.25,83.245
IBM,71.35900000000001,,,96.918,78.676
IBM,71.563,,,102.08200000000001,81.88
IBM,75.05799999999999,,,81.77,81.031
IBM,98.98400000000001,,,74.06400000000001,79.044
IBM,71.37100000000001,,,75.41000000000001,92.759
IBM,69.70700000000001,,,93.82799999999999,77.417
IBM,73.599,,,80.61500000000001,77.965
IBM,76.646,,,75.855,91.96799999999999
IBM,70.822,,,92.921,85.33200000000001
IBM,142.465,,,194.352,102.36399999999999
IBM,68.925,,,108.273,88.64099999999999
IBM,75.771,,,121.39,78.17
IBM,72.47000000000001,,,137.97,90.303
IBM,78.09299999999999,,,97.8,100.538
IBM,68.58699999999999,,,129.73999999999998,105.81500000000001
IBM,71.73599999999999,,,90.766,88.85600000000001
IBM,75.777,,,136.373,110.719
IBM,69.87400000000001,,,86.51599999999999,132.929
IBM,71.616,,,79.312,124.459
IBM,72.213,,,82.596,84.40599999999999
IBM,71.352,,,104.359,157.106
IBM,73.74799999999999,,,84.515,81.451
IBM,71.749,,,85.23899999999999,128.039
IBM,72.92800000000001,,,76.98299999999999,84.11
IBM,67.932,,,118.08399999999999,91.557
IBM,70.61399999999999,,,107.393,815.149
IBM,70.81700000000001,,,80.60000000000001,111.406
IBM,68.133,,,88.76100000000001,84.992
IBM,72.447,,,88.237,169.32500000000002
IBM,65.982,,,138.505,101.965
IBM,68.935,,,86.423,82.944
IBM,70.80699999999999,,,86.61399999999999,129.261
IBM,76.023,,,114.37,86.23899999999999
IBM,71.608,,,90.539,75.48100000000001
IBM,75.256,,,84.241,584.035
IBM,75.267,,,99.787,78.623
IBM,73.762,,,90.119,129.278
IBM,77.351,,,83.922,83.166
IBM,76.924,,,93.289,113.238
IBM,72.495,,,80.706,78.283
IBM,70.538,,,88.32900000000001,85.75399999999999
IBM,71.268,,,83.273,77.121
IBM,82.407,,,86.685,80.019
IBM,74.91000000000001,,,134.78699999999998,195.165
IBM,80.31,,,82.66,93.30499999999999
